source,target,relationship_type,weight,relationship_gender,relationship_social
Bai_Juyi,Bai_Xingjian,1,1,mm,official-official
Bai_Juyi,Liu_Yuxi,1,7,mm,official-official
Bai_Juyi,Yuan_Zhen|Yuan_Weizhi,1,74,mm,official-official
Bai_Qi|Gongsun_Qi,Fan_Ju|Ji_Shu,1,2,mm,official-official
Bai_Qi|Gongsun_Qi,King_Zhaoxiang_of_Qin|Ying_Ji,1,29,mm,official-monarch
Bai_Qi|Gongsun_Qi,Qu_Yuan_(343-278_BCE),1,1,mm,official-official
Bai_Qi|Gongsun_Qi,Wei_Ran|Mi_Ran,1,1,mm,official-official
Bo_Yikao,Jiang_Ziya,1,1,mm,other
Bo_Yikao,King_Wen_of_Zhou|Ji_Chang,1,3,mm,other
Cai_Yan|Cai_Wenji,Diao_Chan_(Romance_of_the_Three_Kingdoms),1,1,ff,other
Cai_Yong|Cai_Bojie,Li_Ru|Li_Wenyou,2,4,mm,official-official
Cao_Ang|Cao_Zixiu,Dian_Wei_(-197_CE),1,1,mm,other
Cao_Ang|Cao_Zixiu,Sima_Lang|Sima_Boda,1,1,mm,other
Cao_Cao|Cao_Mengde,Cao_Chong|Cao_Cangshu,1,1,mm,other
Cao_Cao|Cao_Mengde,Cao_Hong|Cao_Zilian,1,5,mm,official-monarch
Cao_Cao|Cao_Mengde,Cao_Ren|Cao_Zixiao,1,2,mm,official-monarch
Cao_Cao|Cao_Mengde,Dian_Wei_(-197_CE),1,2,mm,official-monarch
Cao_Cao|Cao_Mengde,Dong_Zhuo|Dong_Zhongying,1,2,mm,official-monarch
Cao_Cao|Cao_Mengde,Guo_Jia|Guo_Fengxiao,1,55,mm,official-monarch
Cao_Cao|Cao_Mengde,Kong_Gui|Kong_Shulin,1,1,mm,official-monarch
Cao_Cao|Cao_Mengde,Lady_Bian|Cao_Cao_s_Wife,1,7,fm,other
Cao_Cao|Cao_Mengde,Lady_Ding|Cao_Cao_s_Wife,1,1,fm,other
Cao_Cao|Cao_Mengde,Liu_Bei|Liu_Xuande,1,62,mm,monarch-monarch
Cao_Cao|Cao_Mengde,Lu_Bu|Lu_Fengxian,1,3,mm,official-monarch
Cao_Cao|Cao_Mengde,Sima_Yi|Sima_Zhongda,1,4,mm,official-monarch
Cao_Cao|Cao_Mengde,Sun_Ce|Sun_Bofu,1,1,mm,monarch-monarch
Cao_Cao|Cao_Mengde,Sun_Quan|Sun_Zhongmou,1,6,mm,monarch-monarch
Cao_Cao|Cao_Mengde,Xi_Zhicai,1,1,mm,official-monarch
Cao_Cao|Cao_Mengde,Xiahou_Yuan|Xiahou_Miaocai,1,1,mm,official-monarch
Cao_Cao|Cao_Mengde,Xu_You|Xu_Ziyuan,1,2,mm,official-monarch
Cao_Cao|Cao_Mengde,Yuan_Shu|Yuan_Gonglu,1,5,mm,monarch-monarch
Cao_Cao|Cao_Mengde,Zhang_He|Zhang_Junyi,1,1,mm,official-monarch
Cao_Cao|Cao_Mengde,Zhen_Ji_(183-221_CE),1,1,fm,other
Cao_Cao|Cao_Mengde,Zhou_Yu|Zhou_Gongjin,1,2,mm,official-monarch
Cao_Cao|Cao_Mengde,Zhuge_Liang|Zhuge_Kongming,1,5,mm,official-monarch
Cao_Fang|Cao_Lanqing,Sima_Gan|Sima_Ziliang,1,1,mm,monarch-prince
Cao_Hong|Cao_Zilian,Cao_Ren|Cao_Zixiao,1,1,mm,official-official
Cao_Pi|Cao_Zihuan,Cao_Zhen|Cao_Zidan,1,1,mm,official-monarch
Cao_Pi|Cao_Zihuan,Guo_Jia|Guo_Fengxiao,1,1,mm,official-monarch
Cao_Pi|Cao_Zihuan,Guo_Nuwang,1,7,mm,other
Cao_Pi|Cao_Zihuan,Jia_Xu|Jia_Wenhe,1,5,mm,official-monarch
Cao_Pi|Cao_Zihuan,Liu_Bei|Liu_Xuande,1,2,mm,monarch-monarch
Cao_Pi|Cao_Zihuan,Sima_Lang|Sima_Boda,2,1,mm,official-monarch
Cao_Pi|Cao_Zihuan,Xu_Chu|Xu_Zhongkang,1,1,mm,official-monarch
Cao_Pi|Cao_Zihuan,Xun_Yu|Xun_Wenruo,1,9,mm,official-monarch
Cao_Pi|Cao_Zihuan,Yang_Xiu|Yang_Dezu,1,3,mm,official-monarch
Cao_Pi|Cao_Zihuan,Yu_Jin|Yu_Wenze,1,2,mm,official-monarch
Cao_Pi|Cao_Zihuan,Yuan_Xi|Yuan_Xianyi,1,1,mm,official-monarch
Cao_Pi|Cao_Zihuan,Zhang_Liao|Zhang_Wenyuan,1,2,mm,official-monarch
Cao_Pi|Cao_Zihuan,Zhong_Hui|Zhong_Shiji,1,2,mm,official-monarch
Cao_Rui|Cao_Yuanzhong,Cao_Gan_(215-261_CE),1,1,mm,monarch-prince
Cao_Rui|Cao_Yuanzhong,Cao_Shuang|Cao_Zhaobo,1,1,mm,official-monarch
Cao_Rui|Cao_Yuanzhong,Cao_Zhen|Cao_Zidan,1,8,mm,official-monarch
Cao_Rui|Cao_Yuanzhong,Guo_Nuwang,1,1,mm,other
Cao_Rui|Cao_Yuanzhong,Lady_Mao|Cao_Rui_s_Wife,1,1,fm,other
Cao_Rui|Cao_Yuanzhong,Sima_Shi|Sima_Ziyuan,1,26,mm,official-monarch
Cao_Rui|Cao_Yuanzhong,Sima_Yi|Sima_Zhongda,1,12,mm,official-monarch
Cao_Rui|Cao_Yuanzhong,Sima_Zhao|Sima_Zishang,1,2,mm,official-monarch
Cao_Rui|Cao_Yuanzhong,Sun_Quan|Sun_Zhongmou,1,1,mm,monarch-monarch
Cao_Rui|Cao_Yuanzhong,Xiahou_Xuan|Xiahou_Taichu,1,2,mm,official-monarch
Cao_Rui|Cao_Yuanzhong,Xun_Yu|Xun_Wenruo,1,2,mm,official-monarch
Cao_Zhi|Cao_Zijian,Cao_Ang|Cao_Zixiu,1,1,mm,other
Cao_Zhi|Cao_Zijian,Cao_Biao|Cao_Zhuhu,1,1,mm,prince-prince
Cao_Zhi|Cao_Zijian,Cao_Zhang|Cao_Ziwen,2,1,mm,prince-official
Cao_Zhi|Cao_Zijian,Sima_Yi|Sima_Zhongda,1,5,mm,prince-official
Cao_Zhi|Cao_Zijian,Sun_Ce|Sun_Bofu,1,1,mm,prince-monarch
Cao_Zhi|Cao_Zijian,Xun_Yu|Xun_Wenruo,1,2,mm,prince-official
Cao_Zhi|Cao_Zijian,Xun_Yun|Xun_Changqian,1,1,mm,prince-official
Chen_Gong|Chen_Gongtai,Gao_Shun_(-199_CE),1,1,mm,official-official
Chen_Gong|Chen_Gongtai,Lu_Bu|Lu_Fengxian,1,10,mm,official-official
Chen_Gong|Chen_Gongtai,Zhang_Liao|Zhang_Wenyuan,1,5,mm,official-official
Chen_Qun|Chen_Changwen,Wu_Zhi|Wu_Jichong,2,1,mm,official-official
Chen_Qun|Chen_Changwen,Zhu_Shuo|Zhu_Yancai,2,1,mm,official-official
Chen_Shou|Chen_Chengzuo,Du_Yu|Du_Yuankai,1,1,mm,official-official
Chen_Zhen_(Warring_States),King_Huiwen_of_Qin|Ying_Si,1,1,mm,official-monarch
Chen_Zhen_(Warring_States),Zhang_Yi_(329-309_BCE),1,1,mm,official-official
Cheng_Yu|Cheng_Zhongde,Xun_Chen|Xun_Youruo,2,1,mm,official-official
Crown_Prince_of_Ming|Zhu_Biao,Emperor_Taizu_of_Ming|Zhu_Yuanzhang,1,5,mm,monarch-prince
Crown_Prince_of_Ming|Zhu_Cilang,Li_Zicheng,1,1,mm,monarch-prince
Crown_Prince_of_Tang|Li_Hongji_(-959_CE),Emperor_Yuanzong_of_Tang|Li_Jing,1,12,mm,monarch-prince
Crown_Prince_of_Yan|Ji_Dan,Jing_Ke_(-227_BCE),1,2,mm,other
Deng_Ai|Deng_Shizai,Guo_Huai|Guo_Boji,1,1,mm,official-official
Deng_Ai|Deng_Shizai,Wei_Guan|Wei_Boyu,1,1,mm,official-official
Deng_Qiang_(Sixteen_Kingdoms),Wang_Meng|Wang_Jinglue,1,1,mm,official-official
Di_Renjie|Di_Huaiying,Wu_Youji,1,5,mm,official-prince
Dong_Zhuo|Dong_Zhongying,Cai_Yong|Cai_Bojie,2,4,mm,official-official
Dong_Zhuo|Dong_Zhongying,Huangfu_Song|Huangfu_Yizhen,1,6,mm,official-official
Dong_Zhuo|Dong_Zhongying,Lu_Bu|Lu_Fengxian,1,1,mm,official-official
Du_Fu|Du_Zimei,Bai_Juyi,1,1,mm,official-official
Du_Fu|Du_Zimei,Chen_Shidao,1,1,mm,official-official
Du_Fu|Du_Zimei,Emperor_Liezu_of_Tang|Li_Bian,1,1,mm,official-monarch
Du_Fu|Du_Zimei,Emperor_Yuanzong_of_Tang|Li_Jing,1,1,mm,official-monarch
Du_Fu|Du_Zimei,Fan_Huang_(Tang_Dynasty),1,1,mm,official-official
Du_Fu|Du_Zimei,Fang_Hui|Fang_Wanli,1,1,mm,official-official
Du_Fu|Du_Zimei,Feng_Menglong,1,1,mm,official-official
Du_Fu|Du_Zimei,Gao_Shi|Gao_Dafu,1,2,mm,official-official
Du_Fu|Du_Zimei,Huang_Tingjian,1,1,mm,official-official
Du_Fu|Du_Zimei,Li_He|Li_Changji,1,1,mm,official-official
Du_Fu|Du_Zimei,Li_Shangyin,1,2,mm,official-official
Du_Fu|Du_Zimei,Liu_Guo|Liu_Gaizhi,1,1,mm,official-official
Du_Fu|Du_Zimei,Lu_Jiuyuan,1,1,mm,official-official
Du_Fu|Du_Zimei,Wang_Yuanliang,1,1,mm,official-official
Du_Fu|Du_Zimei,Wen_Tianxiang,1,1,mm,official-official
Du_Fu|Du_Zimei,Xin_Qiji,1,1,mm,official-official
Du_Fu|Du_Zimei,Yan_Wu|Yan_Jiying,1,3,mm,official-official
Du_Fu|Du_Zimei,Yuan_Haowen,1,1,mm,official-official
Du_Fu|Du_Zimei,Zhu_Xi|Zhu_Yuanhui,1,1,mm,official-official
Du_Mu|Du_Muzhi,Bai_Xingjian,1,1,mm,official-official
Duke_Wen_of_Zhou|Ji_Dan,Bo_Yikao,1,1,mm,other
Duke_Wen_of_Zhou|Ji_Dan,Confucius|Kong_Qiu,1,1,mm,other
Duke_Wen_of_Zhou|Ji_Dan,King_Wen_of_Zhou|Ji_Chang,1,1,mm,official-monarch
Duke_Xiao_of_Qin|Ying_Quliang,Shang_Yang|Ji_Yang,1,13,mm,official-monarch
Duke_Yangping_of_Qin|Fu_Rong,Prince_Yue_of_Qin|Fu_Sheng,1,2,mm,monarch-prince
Emperor_Aiping_of_Qin|Fu_Pi,Emperor_Huimin_of_Yan|Murong_Bao,1,1,mm,monarchl-monarch
Emperor_Aiping_of_Qin|Fu_Pi,Murong_Lin_(-398_CE),1,1,mm,official-monarch
Emperor_Chengwu_of_Yan|Murong_Chui,Emperor_Aiping_of_Qin|Fu_Pi,1,4,mm,monarch-monarch
Emperor_Chengwu_of_Yan|Murong_Chui,Emperor_Huimin_of_Yan|Murong_Bao,1,1,mm,monarchl-monarch
Emperor_Chengwu_of_Yan|Murong_Chui,Emperor_Jingzhao_of_Yan|Murong_Jun,1,15,mm,monarch-monarch
Emperor_Chengwu_of_Yan|Murong_Chui,Emperor_Xianwu_of_Yan|Murong_De,1,1,mm,monarch-monarch
Emperor_Chengwu_of_Yan|Murong_Chui,Empress_Duan_of_Yan|Duan_Yuanfei_(-396_CE),1,1,fm,other
Emperor_Chengwu_of_Yan|Murong_Chui,Murong_Lin_(-398_CE),1,3,mm,official-monarch
Emperor_Chengwu_of_Yan|Murong_Chui,Prince_Taiyuan_of_Yan|Murong_Ke,1,4,mm,monarch-prince
Emperor_Chengzu_of_Ming|Zhu_Di,Crown_Prince_of_Ming|Zhu_Biao,1,19,mm,monarch-prince
Emperor_Chengzu_of_Ming|Zhu_Di,Dao_Yan|Yao_Guangxiao,1,1,mm,official-monarch
Emperor_Chengzu_of_Ming|Zhu_Di,Emperor_Huizong_of_Ming|Zhu_Yunwen,1,14,mm,monarch-monarch
Emperor_Chengzu_of_Ming|Zhu_Di,Emperor_Taizu_of_Ming|Zhu_Yuanzhang,1,3,mm,monarch-monarch
Emperor_Chengzu_of_Ming|Zhu_Di,Empress_Xu_of_Ming|Xu_Miaoyun,1,5,fm,other
Emperor_Chengzu_of_Ming|Zhu_Di,Huang_Huai|Huang_Zongyu,1,1,mm,official-monarch
Emperor_Chengzu_of_Ming|Zhu_Di,Li_Jinglong_(-1423_CE),1,1,mm,official-monarch
Emperor_Chengzu_of_Ming|Zhu_Di,Prince_Jin_of_Ming|Zhu_Gang,1,1,mm,monarch-prince
Emperor_Chengzu_of_Ming|Zhu_Di,Prince_Ning_of_Ming|Zhu_Quan,1,5,mm,monarch-prince
Emperor_Chengzu_of_Ming|Zhu_Di,Prince_Qin_of_Ming|Zhu_Shuang,1,1,mm,monarch-prince
Emperor_Chengzu_of_Ming|Zhu_Di,Prince_Zhou_of_Ming|Zhu_Su,1,2,mm,monarch-prince
Emperor_Chengzu_of_Ming|Zhu_Di,Wang_Jinghong,1,1,mm,official-monarch
Emperor_Chengzu_of_Ming|Zhu_Di,Xia_Yuanji,1,1,mm,official-monarch
Emperor_Chengzu_of_Ming|Zhu_Di,Xie_Jin|Xie_Dashen,1,1,mm,official-monarch
Emperor_Chengzu_of_Ming|Zhu_Di,Yang_Rong|Yang_Mianren,1,3,mm,official-monarch
Emperor_Chengzu_of_Ming|Zhu_Di,Zhang_Fu|Zhang_Wenbi,1,6,mm,official-monarch
Emperor_Chengzu_of_Ming|Zhu_Di,Zhang_Wu_(-1402_CE),1,2,mm,official-monarch
Emperor_Chengzu_of_Ming|Zhu_Di,Zhang_Yu|Zhang_Shimei,1,15,mm,official-monarch
Emperor_Chengzu_of_Ming|Zhu_Di,Zheng_He|Ma_Sanbao,1,11,mm,official-monarch
Emperor_Chengzu_of_Ming|Zhu_Di,Zhu_Neng|Zhu_Shihong,1,7,mm,official-monarch
Emperor_Daizong_of_Ming|Zhu_Qiyu,Yu_Qian|Yu_Tingyi,1,57,mm,official-monarch
Emperor_Daizong_of_Tang|Li_Yu,Li_Mi|Li_Changyuan,1,1,mm,monarch-official
Emperor_Daizong_of_Tang|Li_Yu,Prince_Qi_of_Tang|Li_Tan,1,11,mm,monarch-prince
Emperor_Daowu_of_Wei|Tuoba_Gui,Emperor_Chengwu_of_Yan|Murong_Chui,2,1,mm,monarch-monarch
Emperor_Gaozong_of_Song|Zhao_Gou,Emperor_Xiaozong_of_Song|Zhao_Shen,1,4,mm,monarch-monarch
Emperor_Gaozong_of_Song|Zhao_Gou,Qin_Hui|Qin_Huizhi,1,26,mm,official-monarch
Emperor_Gaozong_of_Song|Zhao_Gou,Yang_Yizhong,1,1,mm,official-monarch
Emperor_Gaozong_of_Song|Zhao_Gou,Yu_Yunwen,1,1,mm,official-monarch
Emperor_Gaozong_of_Song|Zhao_Gou,Yue_Fei|Yue_Pengju,1,5,mm,official-monarch
Emperor_Gaozong_of_Song|Zhao_Gou,Zhang_Jun|Zhang_Boying,1,1,mm,official-monarch
Emperor_Gaozu_of_Han|Liu_Bang,Chen_Ping_(-178_BCE),1,3,mm,official-monarch
Emperor_Gaozu_of_Han|Liu_Bang,Empress_Dowager_Lu_of_Han|Lu_Zhi,1,4,fm,other
Emperor_Gaozu_of_Han|Liu_Bang,Xiang_Yu_(232-202_BCE),1,9,mm,monarch-monarch
Emperor_Gaozu_of_Han|Liu_Bang,Zhang_Er_(-202_BCE),1,1,mm,official-monarch
Emperor_Gaozu_of_Jin|Shi_Jingtang,Emperor_Gaozu_of_Han|Liu_Zhiyuan,1,2,mm,monarch-monarch
Emperor_Huimin_of_Yan|Murong_Bao,Murong_Lin_(-398_CE),1,1,mm,monarch-official
Emperor_Huizong_of_Song|Zhao_Ji,Cai_Jing|Cai_Yuanchang,1,1,mm,official-monarch
Emperor_Huizong_of_Song|Zhao_Ji,Cai_You|Cai_Ju_an,1,3,mm,official-monarch
Emperor_Huizong_of_Song|Zhao_Ji,Emperor_Qinzong_of_Song|Zhao_Huan,1,15,mm,monarch-monarch
Emperor_Huizong_of_Song|Zhao_Ji,Emperor_Zhezong_of_Song|Zhao_Xu,1,5,mm,monarch-monarch
Emperor_Huizong_of_Song|Zhao_Ji,Fang_La_(-1121_CE),1,1,mm,other
Emperor_Huizong_of_Song|Zhao_Ji,Wang_Ximeng,1,1,mm,other
Emperor_Huizong_of_Song|Zhao_Ji,Wanyan_Zongwang,1,2,mm,official-monarch
Emperor_Jingzhao_of_Yan|Murong_Jun,Prince_Taiyuan_of_Yan|Murong_Ke,1,4,mm,monarch-prince
Emperor_Kangxi_of_Qing|Xuanye,Nara_Mingju,1,15,mm,official-monarch
Emperor_Kangxi_of_Qing|Xuanye,Zhang_Tingyu,1,2,mm,official-monarch
Emperor_Mingzong_of_Tang|Li_Dan,Emperor_Zhuangzong_of_Tang|Li_Cunxu,1,16,mm,monarch-monarch
Emperor_Mingzong_of_Tang|Li_Dan,Empress_Xia_of_Tang_(-924_CE),1,1,fm,other
Emperor_Mingzong_of_Tang|Li_Dan,Yuan_Xingqin,1,1,mm,official-monarch
Emperor_Qianlong_of_Qing|Hongli,He_Shen|Niohuru_Zhizhai,1,2,mm,official-monarch
Emperor_Qianlong_of_Qing|Hongli,Hongshi_(1704-1727),1,1,mm,monarch-prince
Emperor_Qianlong_of_Qing|Hongli,Li_Yu_(Ruyi_s_Royal_Love),1,1,mm,other
Emperor_Qianlong_of_Qing|Hongli,Prince_He_of_Qing|Hongzhou,1,1,mm,monarch-prince
Emperor_Qianlong_of_Qing|Hongli,Ulanara_Yixiu|Empress_Xiaojingxian,1,1,fm,other
Emperor_Renzong_of_Song|Zhao_Zhen,Di_Qing|Di_Hanchen,1,1,mm,monarch-official
Emperor_Renzong_of_Song|Zhao_Zhen,Emperor_Xingzong_of_Liao|Yelu_Zongzhen,1,2,mm,monarch-monarch
Emperor_Renzong_of_Song|Zhao_Zhen,Fu_Bi|Fu_Yanguo,1,1,mm,monarch-official
Emperor_Renzong_of_Song|Zhao_Zhen,Han_Qi|Han_Zhigui,1,5,mm,monarch-official
Emperor_Renzong_of_Song|Zhao_Zhen,Li_Di|Li_Fugu,1,2,mm,monarch-official
Emperor_Renzong_of_Song|Zhao_Zhen,Lu_Yijian,1,3,mm,monarch-official
Emperor_Renzong_of_Song|Zhao_Zhen,Prince_Jing_of_Song|Zhao_Yuanyan,1,1,mm,monarch-prince
Emperor_Renzong_of_Song|Zhao_Zhen,Prince_of_Liao|Yelu_Zongyuan,1,1,mm,monarch-prince
Emperor_Renzong_of_Song|Zhao_Zhen,Prince_Pu_of_Song|Zhao_Yunrang,1,1,mm,monarch-prince
Emperor_Renzong_of_Song|Zhao_Zhen,Wang_Zeng|Wang_Xiaoxian,1,2,mm,monarch-official
Emperor_Renzong_of_Song|Zhao_Zhen,Wen_Yanbo,1,2,mm,monarch-official
Emperor_Renzong_of_Song|Zhao_Zhen,Xia_Song|Xia_Ziqiao,1,1,mm,monarch-official
Emperor_Renzong_of_Song|Zhao_Zhen,Yan_Shu|Yan_Tongshu,1,6,mm,monarch-official
Emperor_Renzong_of_Song|Zhao_Zhen,Zhao_Yuanzuo,1,1,mm,monarch-prince
Emperor_Shengshen_of_Zhou|Wu_Zetian,Di_Renjie|Di_Huaiying,1,6,fm,official-monarch
Emperor_Shengshen_of_Zhou|Wu_Zetian,Shangguan_Wan_er_(Tang_Dynasty),2,1,ff,official-monarch
Emperor_Shenzong_of_Ming|Zhu_Yijun,Zhang_Juzheng,1,72,mm,official-monarch
Emperor_Shenzong_of_Song|Zhao_Xu,Emperor_Zhezong_of_Song|Zhao_Xu,1,2,mm,monarch-monarch
Emperor_Shenzong_of_Song|Zhao_Xu,Mi_Fei|Mi_Yuanzhang,2,1,mm,official-monarch
Emperor_Shenzong_of_Song|Zhao_Xu,Prince_Wu_of_Song|Zhao_Hao,2,1,mm,monarch-prince
Emperor_Shenzong_of_Song|Zhao_Xu,Sima_Guang,1,3,mm,official-monarch
Emperor_Shenzong_of_Song|Zhao_Xu,Zhang_Dun|Zhang_Zihou,1,1,mm,official-monarch
Emperor_Shizong_of_Ming|Zhu_Houcong,Hai_Rui|Hai_Ruxian,1,2,mm,official-monarch
Emperor_Shizong_of_Ming|Zhu_Houcong,Lu_Bing|Lu_Wenfu,1,1,mm,official-monarch
Emperor_Shizong_of_Ming|Zhu_Houcong,Zhang_Fujing,1,1,mm,official-monarch
Emperor_Shizong_of_Zhou|Chai_Rong,Emperor_Taizu_of_Zhou|Guo_Wei,1,4,mm,monarch-monarch
Emperor_Shizong_of_Zhou|Chai_Rong,Emperor_Yuanzong_of_Tang|Li_Jing,1,21,mm,monarch-monarch
Emperor_Shizong_of_Zhou|Chai_Rong,Empress_Fu_of_Zhou_(931-956_CE),1,1,fm,other
Emperor_Shizong_of_Zhou|Chai_Rong,Last_Emperor_of_Shu|Meng_Chang,1,1,mm,monarch-monarch
Emperor_Shizong_of_Zhou|Chai_Rong,Li_Chongjin,1,2,mm,official-monarch
Emperor_Shizong_of_Zhou|Chai_Rong,Wang_Pu|Wang_Wenbo,1,2,mm,official-monarch
Emperor_Shizong_of_Zhou|Chai_Rong,Zhang_Yongde,1,1,mm,official-monarch
Emperor_Shizong_of_Zhou|Chai_Rong,Zhao_Pu|Zhao_Zeping,1,1,mm,other
Emperor_Suzong_of_Tang|Li_Heng,Empress_Zhang_of_Tang_(-762_CE),1,2,fm,other
Emperor_Suzong_of_Tang|Li_Heng,Prince_Qing_of_Tang|Li_Cong,1,1,mm,monarch-prince
Emperor_Suzong_of_Tang|Li_Heng,Prince_Yong_of_Tang|Li_Lin,1,1,mm,monarch-prince
Emperor_Taizong_of_Song|Zhao_Guangyi,Emperor_Renzong_of_Song|Zhao_Zhen,1,1,mm,monarchl-monarch
Emperor_Taizong_of_Song|Zhao_Guangyi,Emperor_Shizong_of_Zhou|Chai_Rong,1,2,mm,monarch-monarch
Emperor_Taizong_of_Song|Zhao_Guangyi,Emperor_Zhenzong_of_Song|Zhao_Heng,1,2,mm,monarch-monarch
Emperor_Taizong_of_Song|Zhao_Guangyi,Guo_Shouwen,1,1,mm,official-monarch
Emperor_Taizong_of_Song|Zhao_Guangyi,King_Zhongyi_of_Wuyue|Qian_Chu,1,6,mm,monarch-monarch
Emperor_Taizong_of_Song|Zhao_Guangyi,Kou_Zhun|Kou_Pingzhong,1,1,mm,official-monarch
Emperor_Taizong_of_Song|Zhao_Guangyi,Prince_of_Song|Zhao_Yuanxi,1,3,mm,monarch-prince
Emperor_Taizong_of_Song|Zhao_Guangyi,Prince_Wei_of_Song|Zhao_Tingmei,1,1,mm,monarch-prince
Emperor_Taizong_of_Song|Zhao_Guangyi,Prince_Yan_of_Song|Zhao_Dezhao,1,2,mm,monarch-prince
Emperor_Taizong_of_Song|Zhao_Guangyi,Yang_Ye|Yang_Jiye,1,1,mm,official-monarch
Emperor_Taizong_of_Song|Zhao_Guangyi,Yelu_Xiuge,1,3,mm,official-monarch
Emperor_Taizong_of_Song|Zhao_Guangyi,Zhao_Pu|Zhao_Zeping,1,2,mm,other
Emperor_Taizong_of_Song|Zhao_Guangyi,Zhao_Yuanzuo,1,4,mm,monarch-prince
Emperor_Taizong_of_Tang|Li_Shimin,Chang_He|Chang_Dalai,1,1,mm,official-monarch
Emperor_Taizong_of_Tang|Li_Shimin,Emperor_Chengzu_of_Ming|Zhu_Di,1,2,mm,monarch-monarch
Emperor_Taizong_of_Tang|Li_Shimin,Emperor_Gaozong_of_Tang|Li_Zhi,1,1,mm,monarch-monarch
Emperor_Taizong_of_Tang|Li_Shimin,Emperor_Gaozu_of_Tang|Li_Yuan,1,3,mm,monarch-monarch
Emperor_Taizong_of_Tang|Li_Shimin,Emperor_Wu_of_Han|Liu_Che,1,2,mm,monarch-monarch
Emperor_Taizong_of_Tang|Li_Shimin,First_Emperor_of_Qin|Qin_Shihuang|Ying_Zheng,1,1,mm,monarch-monarch
Emperor_Taizong_of_Tang|Li_Shimin,Hou_Junji,1,3,mm,official-monarch
Emperor_Taizong_of_Tang|Li_Shimin,Li_Chengqian_(618-645_CE),1,3,mm,monarch-prince
Emperor_Taizong_of_Tang|Li_Shimin,Li_Daozong,1,1,mm,official-monarch
Emperor_Taizong_of_Tang|Li_Shimin,Li_Jiancheng,1,11,mm,monarch-prince
Emperor_Taizong_of_Tang|Li_Shimin,Li_Shiji,1,5,mm,official-monarch
Emperor_Taizong_of_Tang|Li_Shimin,Li_Xuanba,1,1,mm,other
Emperor_Taizong_of_Tang|Li_Shimin,Li_Yuanji,1,5,mm,monarch-prince
Emperor_Taizong_of_Tang|Li_Shimin,Liu_Ji|Liu_Sidao,1,1,mm,official-monarch
Emperor_Taizong_of_Tang|Li_Shimin,Prince_Pu_of_Tang|Li_Tai,1,1,mm,monarch-prince
Emperor_Taizong_of_Tang|Li_Shimin,Prince_Wu_of_Tang|Li_Ke_(619-653_CE),1,1,mm,monarch-prince
Emperor_Taizong_of_Tang|Li_Shimin,Princess_Wencheng_of_Tang,1,1,fm,other
Emperor_Taizong_of_Tang|Li_Shimin,Wei_Zheng|Wei_Xuancheng,1,2,mm,official-monarch
Emperor_Taizong_of_Tang|Li_Shimin,Xue_Rengui,1,1,mm,official-monarch
Emperor_Taizong_of_Tang|Li_Shimin,Yu_Shinan,1,1,mm,official-monarch
Emperor_Taizong_of_Tang|Li_Shimin,Yuchi_Jingde,1,2,mm,official-monarch
Emperor_Taizong_of_Tang|Li_Shimin,Zhangsun_Wuji_(594-659_CE),1,4,mm,official-monarch
Emperor_Taizu_of_Ming|Zhu_Yuanzhang,Empress_Ma_of_Ming|Ma_Xiuying,1,3,fm,other
Emperor_Taizu_of_Ming|Zhu_Yuanzhang,Guo_Zixing,1,1,mm,official-monarch
Emperor_Taizu_of_Ming|Zhu_Yuanzhang,Liu_Bowen,2,1,mm,official-monarch
Emperor_Taizu_of_Ming|Zhu_Yuanzhang,Tang_He|Tang_Dingchen,1,1,mm,official-monarch
Emperor_Taizu_of_Ming|Zhu_Yuanzhang,Xu_Da|Xu_Tiande,2,1,mm,official-monarch
Emperor_Taizu_of_Song|Zhao_Kuangyin,Dong_Zunhui,1,1,mm,official-monarch
Emperor_Taizu_of_Song|Zhao_Kuangyin,Emperor_Shizong_of_Zhou|Chai_Rong,1,13,mm,monarch-monarch
Emperor_Taizu_of_Song|Zhao_Kuangyin,Emperor_Taizong_of_Song|Zhao_Guangyi,1,73,mm,monarch-monarch
Emperor_Taizu_of_Song|Zhao_Kuangyin,Empress_He_of_Song_(929-958_CE),1,1,fm,other
Emperor_Taizu_of_Song|Zhao_Kuangyin,Empress_Wang_of_Song_(942-964_CE),1,1,fm,other
Emperor_Taizu_of_Song|Zhao_Kuangyin,Han_Lingkun,1,1,mm,official-monarch
Emperor_Taizu_of_Song|Zhao_Kuangyin,Last_Emperor_of_Shu|Meng_Chang,1,1,mm,monarch-monarch
Emperor_Taizu_of_Song|Zhao_Kuangyin,Last_Lord_of_Tang|Li_Yu,1,128,mm,monarch-monarch
Emperor_Taizu_of_Song|Zhao_Kuangyin,Wang_Shenqi,1,2,mm,monarch-official
Emperor_Taizu_of_Song|Zhao_Kuangyin,Zhao_Pu|Zhao_Zeping,1,2,mm,other
Emperor_Wei_of_Yan|Murong_Chong,Emperor_Liewen_of_Yan|Murong_Hong,1,2,mm,monarch-monarch
Emperor_Wei_of_Yan|Murong_Chong,Emperor_Xuanzhao_of_Qin|Fu_Jian,1,69,mm,monarch-monarch
Emperor_Wei_of_Yan|Murong_Chong,Emperor_You_of_Yan|Murong_Wei,1,1,mm,monarch-monarch
Emperor_Wei_of_Yan|Murong_Chong,Han_Yan_(-386_CE),1,1,mm,monarch-official
Emperor_Wei_of_Yan|Murong_Chong,Yang_Ding_(-394_CE),1,2,mm,monarch-official
Emperor_Wenhuan_of_Qin|Yao_Xing,Emperor_Wuzhao_of_Qin|Yao_Chang,2,1,mm,monarch-monarch
Emperor_Wenxiang_of_Qi|Gao_Cheng,Chen_Yuankang,1,1,mm,official-monarch
Emperor_Wenxiang_of_Qi|Gao_Cheng,Emperor_Shenwu_of_Qi|Gao_Huan,1,4,mm,monarch-monarch
Emperor_Wenxiang_of_Qi|Gao_Cheng,Empress_Gao_of_Wei|Wife_of_Yuan_Shanjian,2,1,fm,other
Emperor_Wenxiang_of_Qi|Gao_Cheng,Empress_Yuan_of_Qi|Yuan_Zhonghua,1,2,fm,other
Emperor_Wenxuan_of_Qi|Gao_Yang,Emperor_Xiaozhao_of_Qi|Gao_Yan,1,2,mm,monarch-monarch
Emperor_Wu_of_Han|Liu_Che,Empress_Chen_of_Han|Chen_Ajiao,1,1,fm,other
Emperor_Wu_of_Han|Liu_Che,Empress_Wei_of_Han|Wei_Zifu,1,1,fm,other
Emperor_Wu_of_Han|Liu_Che,First_Emperor_of_Qin|Qin_Shihuang|Ying_Zheng,1,18,mm,monarch-monarch
Emperor_Wu_of_Han|Liu_Che,Han_Yan|Han_Wangsun,1,7,mm,official-monarch
Emperor_Wu_of_Han|Liu_Che,Han_Yue_(-91_BCE),1,3,mm,official-monarch
Emperor_Wu_of_Han|Liu_Che,Huo_Guang|Huo_Zimeng,1,8,mm,official-monarch
Emperor_Wu_of_Han|Liu_Che,Huo_Qubing,1,56,mm,official-monarch
Emperor_Wu_of_Han|Liu_Che,Jin_Midi,1,1,mm,official-monarch
Emperor_Wu_of_Han|Liu_Che,Lady_Li|Han,1,1,fm,other
Emperor_Wu_of_Han|Liu_Che,Prince_Linjiang_of_Han|Liu_Rong,1,1,mm,monarch-prince
Emperor_Wu_of_Han|Liu_Che,Sima_Qian,1,89,mm,official-monarch
Emperor_Wu_of_Han|Liu_Che,Zhang_Tang_(-115_BCE),1,1,mm,official-monarch
Emperor_Wu_of_Zhou|Yuwen_Yong,Prince_Lanling_of_Qi|Gao_Changgong,1,1,mm,monarch-prince
Emperor_Wuzhao_of_Qin|Yao_Chang,Yao_Xiang|Yao_Jingguo,1,3,mm,official-monarch
Emperor_Wuzong_of_Ming|Zhu_Houzhao,Emperor_Shizong_of_Ming|Zhu_Houcong,1,8,mm,monarch-monarch
Emperor_Wuzong_of_Ming|Zhu_Houzhao,Jiang_Bin_(-1521_CE),1,1,mm,official-monarch
Emperor_Wuzong_of_Ming|Zhu_Houzhao,Qian_Ning_(-1521_CE),1,1,mm,official-monarch
Emperor_Wuzong_of_Ming|Zhu_Houzhao,Yang_Tinghe|Yang_Jiefu,1,28,mm,official-monarch
Emperor_Xian_of_Han|Liu_Xie,Dong_Zhuo|Dong_Zhongying,1,1,mm,official-monarch
Emperor_Xian_of_Han|Liu_Xie,Empress_Cao_of_Han|Cao_Jie,1,2,fm,other
Emperor_Xian_of_Han|Liu_Xie,Lu_Bu|Lu_Fengxian,1,1,mm,official-monarch
Emperor_Xiaojing_of_Wei|Yuan_Shanjian,Emperor_Shenwu_of_Qi|Gao_Huan,1,2,mm,monarch-monarch
Emperor_Xiaojing_of_Wei|Yuan_Shanjian,Emperor_Wenxiang_of_Qi|Gao_Cheng,1,17,mm,monarch-monarch
Emperor_Xiaojing_of_Wei|Yuan_Shanjian,Empress_Gao_of_Wei|Wife_of_Yuan_Shanjian,1,2,fm,other
Emperor_Xiaowen_of_Wei|Tuoba_Hong,Emperor_Ming_of_Qi|Xiao_Luan,1,1,mm,monarch-monarch
Emperor_Xiaowen_of_Wei|Tuoba_Hong,Feng_Dan|Feng_Sizheng,1,11,mm,official-monarch
Emperor_Xiaowen_of_Wei|Tuoba_Hong,Prince_Qinghe_of_Wei|Yuan_Yi,1,1,mm,monarch-prince
Emperor_Xiaowen_of_Wei|Tuoba_Hong,Wang_Su|Wang_Gongyi,1,1,mm,official-monarch
Emperor_Xiaowen_of_Wei|Tuoba_Hong,Yuan_Cheng|Yuan_Daojing,1,2,mm,monarch-prince
Emperor_Xiaowen_of_Wei|Tuoba_Hong,Yuan_Xi|Yuan_Siyong,1,1,mm,monarch-prince
Emperor_Xiaowen_of_Wei|Tuoba_Hong,Yuan_Xie|Yuan_Yanhe,1,1,mm,official-monarch
Emperor_Xiaowu_of_Song|Liu_Jun,Yan_Jun|Yan_Shixun,1,1,mm,official-monarch
Emperor_Xiaozhao_of_Qi|Gao_Yan,Prince_Ande_of_Qi|Gao_Yanzong,1,6,mm,monarch-prince
Emperor_Xuanzhao_of_Qin|Fu_Jian,Consort_Zhang_of_Qin_(-385_CE),1,2,mm,other
Emperor_Xuanzhao_of_Qin|Fu_Jian,Deng_Qiang_(Sixteen_Kingdoms),1,2,mm,official-monarch
Emperor_Xuanzhao_of_Qin|Fu_Jian,Duke_Pingyuan_of_Qin|Fu_Hui,1,2,mm,monarch-prince
Emperor_Xuanzhao_of_Qin|Fu_Jian,Emperor_Gao_of_Qin|Fu_Deng,1,2,mm,monarch-monarch
Emperor_Xuanzhao_of_Qin|Fu_Jian,Emperor_of_Yan|Murong_Yong,1,1,mm,monarch-monarch
Emperor_Xuanzhao_of_Qin|Fu_Jian,Emperor_Wuzhao_of_Qin|Yao_Chang,1,36,mm,monarch-monarch
Emperor_Xuanzhao_of_Qin|Fu_Jian,Emperor_Yiwu_of_Liang|Lu_Guang,1,3,mm,monarch-monarch
Emperor_Xuanzhao_of_Qin|Fu_Jian,Emperor_You_of_Yan|Murong_Wei,1,9,mm,monarch-monarch
Emperor_Xuanzhao_of_Qin|Fu_Jian,Empress_Dowager_Gou_of_Qin|Wife_of_Fu_Xiong,2,1,fm,other
Emperor_Xuanzhao_of_Qin|Fu_Jian,Fu_Luo_(-385_CE),1,2,mm,official-monarch
Emperor_Xuanzhao_of_Qin|Fu_Jian,Fu_Ya_(Sixteen_Kingdoms),1,1,mm,official-monarch
Emperor_Xuanzhao_of_Qin|Fu_Jian,Liu_Kuren,1,1,mm,official-monarch
Emperor_Xuanzhao_of_Qin|Fu_Jian,Liu_Weichen,1,4,mm,official-monarch
Emperor_Xuanzhao_of_Qin|Fu_Jian,Prince_Yue_of_Qin|Fu_Sheng,1,13,mm,monarch-monarch
Emperor_Xuanzhao_of_Qin|Fu_Jian,Princess_Qinghe_of_Yan_(357_CE-),1,1,fm,other
Emperor_Xuanzhao_of_Qin|Fu_Jian,Quan_Yi|Quan_Ziliang,1,2,mm,official-monarch
Emperor_Xuanzhao_of_Qin|Fu_Jian,Wang_Meng|Wang_Jinglue,1,63,mm,official-monarch
Emperor_Xuanzhao_of_Qin|Fu_Jian,Yang_Ding_(-394_CE),1,2,mm,official-monarch
Emperor_Xuanzhao_of_Qin|Fu_Jian,Zhang_Ci_(Sixteen_Kingdoms),1,1,mm,official-monarch
Emperor_Xuanzhao_of_Qin|Fu_Jian,Zhao_Zheng|Zhao_Wenye,1,2,mm,official-monarch
Emperor_Xuanzhao_of_Qin|Fu_Jian,Zhou_Xiao|Zhou_Mengwei,1,1,mm,official-monarch
Emperor_Xuanzong_of_Tang|Li_Longji,An_Lushan_(703-757_CE),1,7,mm,official-monarch
Emperor_Xuanzong_of_Tang|Li_Longji,Consort_Yang_of_Tang|Yang_Yuhuan,1,1,fm,other
Emperor_Xuanzong_of_Tang|Li_Longji,Emperor_Suzong_of_Tang|Li_Heng,1,3,mm,monarch-monarch
Emperor_Xuanzong_of_Tang|Li_Longji,Gao_Lishi,1,1,mm,official-monarch
Emperor_Xuanzong_of_Tang|Li_Longji,Li_Linfu,1,1,mm,official-monarch
Emperor_Xuanzong_of_Tang|Li_Longji,Prince_Ning_of_Tang|Li_Xian,1,1,mm,monarch-prince
Emperor_Xuanzong_of_Tang|Li_Longji,Princess_Anle_of_Tang|Li_Guo_er,1,1,fm,other
Emperor_Xuanzong_of_Tang|Li_Longji,Yuan_Dexiu,1,1,mm,official-monarch
Emperor_Xuanzong_of_Tang|Li_Longji,Zhang_Jiuling|Zhang_Zishou,1,1,mm,official-monarch
Emperor_Yingzong_of_Ming|Zhu_Qizhen,Emperor_Daizong_of_Ming|Zhu_Qiyu,2,1,mm,monarch-monarch
Emperor_Yongzheng_of_Qing|Yinzhen,Emperor_Kangxi_of_Qing|Xuanye,1,12,mm,monarch-monarch
Emperor_Yongzheng_of_Qing|Yinzhen,Emperor_Qianlong_of_Qing|Hongli,1,3,mm,monarch-monarch
Emperor_Yongzheng_of_Qing|Yinzhen,Hongwang_(1708-1762_CE),1,1,mm,monarch-prince
Emperor_Yongzheng_of_Qing|Yinzhen,Li_Wei|Li_Youjie,1,1,mm,official-monarch
Emperor_Yongzheng_of_Qing|Yinzhen,Nian_Gengyao,1,10,mm,official-monarch
Emperor_Yongzheng_of_Qing|Yinzhen,Prince_Li_of_Qing|Yinreng,1,13,mm,monarch-prince
Emperor_Yongzheng_of_Qing|Yinzhen,Prince_Lian_of_Qing|Yinsi,1,87,mm,monarch-prince
Emperor_Yongzheng_of_Qing|Yinzhen,Prince_of_Qing|Yintang_(1683-1726),1,1,mm,monarch-prince
Emperor_Yongzheng_of_Qing|Yinzhen,Prince_Xun_of_Qing|Yinzhen,1,15,mm,monarch-prince
Emperor_Yongzheng_of_Qing|Yinzhen,Prince_Zhuang_of_Qing|Yinlu,1,2,mm,monarch-prince
Emperor_Yuanzong_of_Tang|Li_Jing,Emperor_Liezu_of_Tang|Li_Bian,1,1,mm,monarchl-monarch
Emperor_Yuanzong_of_Tang|Li_Jing,Emperor_Rui_of_Wu|Yang_Pu,1,1,mm,monarch-monarch
Emperor_Yuanzong_of_Tang|Li_Jing,Emperor_Taizong_of_Liao|Yelu_Deguang,1,1,mm,monarch-monarch
Emperor_Yuanzong_of_Tang|Li_Jing,Feng_Yansi,1,4,mm,official-monarch
Emperor_Zhenzong_of_Song|Zhao_Heng,Emperor_Shengzong_of_Liao|Yelu_Longxu,1,1,mm,monarch-monarch
Emperor_Zhenzong_of_Song|Zhao_Heng,Empress_Dowager_Liu_of_Song|Liu_E,1,2,fm,other
Emperor_Zhenzong_of_Song|Zhao_Heng,Li_Hang|Li_Taichu,1,1,mm,official-monarch
Emperor_Zhenzong_of_Song|Zhao_Heng,Qian_Weiyan,1,1,mm,official-monarch
Emperor_Zhenzong_of_Song|Zhao_Heng,Qian_Weizhi,1,1,mm,official-monarch
Emperor_Zhuangzong_of_Tang|Li_Cunxu,Empress_Liu_of_Tang|Liu_Yuniang,1,1,fm,other
Emperor_Zhuangzong_of_Tang|Li_Cunxu,Yuan_Xingqin,1,1,mm,official-monarch
Fa_Zheng|Fa_Xiaozhi,Liu_Yan|Liu_Junlang,1,1,mm,official-official
Fa_Zheng|Fa_Xiaozhi,Liu_Zhang|Liu_Jiyu,1,1,mm,official-monarch
Fan_Zhongyan,Han_Qi|Han_Zhigui,1,2,mm,official-official
Fan_Zhongyan,Yan_Shu|Yan_Tongshu,1,3,mm,official-official
Fei_Yi|Fei_Wenwei,Dong_Yun|Dong_Xiuzhao,1,1,mm,official-official
Feng_Menglong,Liu_Yong|Liu_Qiqing,1,2,mm,official-official
Feng_Menglong,Luo_Guanzhong,1,1,mm,other
First_Emperor_of_Qin|Qin_Shihuang|Ying_Zheng,Crown_Prince_of_Yan|Ji_Dan,1,23,mm,monarch-prince
First_Emperor_of_Qin|Qin_Shihuang|Ying_Zheng,Eldest_Prince_of_Qin|Fusu,1,48,mm,monarch-prince
First_Emperor_of_Qin|Qin_Shihuang|Ying_Zheng,Gao_Jianli,1,1,mm,other
First_Emperor_of_Qin|Qin_Shihuang|Ying_Zheng,Han_Fei_(280-233_BCE),1,7,mm,official-monarch
First_Emperor_of_Qin|Qin_Shihuang|Ying_Zheng,Jing_Ke_(-227_BCE),1,1,mm,other
First_Emperor_of_Qin|Qin_Shihuang|Ying_Zheng,King_Wuling_of_Zhao|Ying_Yong,1,1,mm,monarch-monarch
First_Emperor_of_Qin|Qin_Shihuang|Ying_Zheng,King_Zhaoxiang_of_Qin|Ying_Ji,1,8,mm,monarch-monarch
First_Emperor_of_Qin|Qin_Shihuang|Ying_Zheng,Lao_Ai_(-238_BCE),1,1,mm,other
First_Emperor_of_Qin|Qin_Shihuang|Ying_Zheng,Lu_Buwei,1,1,mm,official-monarch
First_Emperor_of_Qin|Qin_Shihuang|Ying_Zheng,Meng_Tian_(250-210_BCE),1,23,mm,monarch-official
First_Emperor_of_Qin|Qin_Shihuang|Ying_Zheng,Meng_Yi_(245-210_BCE),1,5,mm,official-monarch
First_Emperor_of_Qin|Qin_Shihuang|Ying_Zheng,Queen_Dowager_of_Qin|Zhao_Ji_(280-229_BCE),1,1,fm,other
First_Emperor_of_Qin|Qin_Shihuang|Ying_Zheng,Second_Emperor_of_Qin|Qin_Ershi|Huhai,1,2,mm,monarch-monarch
First_Emperor_of_Qin|Qin_Shihuang|Ying_Zheng,Wang_Ben_(Warring_States),1,1,mm,official-monarch
First_Emperor_of_Qin|Qin_Shihuang|Ying_Zheng,Xiang_Yu_(232-202_BCE),1,1,mm,monarch-monarch
First_Emperor_of_Qin|Qin_Shihuang|Ying_Zheng,Ying_Chengjiao,1,4,mm,monarch-prince
First_Emperor_of_Qin|Qin_Shihuang|Ying_Zheng,Zhao_Gao_(258-207_BCE),1,5,mm,official-monarch
Gan_Ning|Gan_Xingba,Ling_Tong|Ling_Gongji,1,2,mm,official-official
Gao_Gong|Gao_Suqing,Emperor_Muzong_of_Ming|Zhu_Zaiji,1,1,mm,official-monarch
Gao_Gong|Gao_Suqing,Zhang_Siwei,1,1,mm,official-official
Gao_Jianli,Jing_Ke_(-227_BCE),1,16,mm,other
Gao_Shi|Gao_Dafu,Cen_Shen_(715-770_CE),1,2,mm,official-official
Gongsun_Zan|Gongsun_Bogui,Liu_Yu|Liu_Bo_an,1,11,mm,official-official
Guan_Yinping,Guan_Suo|Guan_Weizhi,1,1,fm,other
Guan_Yu|Guan_Yunchang,Yu_Jin|Yu_Wenze,1,1,mm,official-official
Guan_Yu|Guan_Yunchang,Zhang_Fei|Zhang_Yide,2,2,mm,official-official
Guan_Yu|Guan_Yunchang,Zhang_Liao|Zhang_Wenyuan,1,1,mm,official-official
Guan_Yu|Guan_Yunchang,Zhao_Yun|Zhao_Zilong,2,1,mm,official-official
Guo_Jia|Guo_Fengxiao,Cheng_Yu|Cheng_Zhongde,2,1,mm,official-official
Guo_Jia|Guo_Fengxiao,Jia_Xu|Jia_Wenhe,2,1,mm,official-official
Guo_Jia|Guo_Fengxiao,Sima_Yi|Sima_Zhongda,1,1,mm,official-official
Guo_Jia|Guo_Fengxiao,Xun_Chen|Xun_Youruo,2,1,mm,official-official
Guo_Jia|Guo_Fengxiao,Yuan_Shao|Yuan_Benchu,1,1,mm,official-official
Guo_Jia|Guo_Fengxiao,Zhang_Liao|Zhang_Wenyuan,1,20,mm,official-official
Guo_Ziyi,Li_Guangbi,1,22,mm,official-official
Hai_Rui|Hai_Ruxian,Wang_Yongji,1,1,mm,official-official
Han_Fei_(280-233_BCE),King_of_Han|Ji_An,1,1,mm,official-official
Han_Fei_(280-233_BCE),Yao_Jia_(Warring_States),1,1,mm,official-official
Han_Qi|Han_Zhigui,Di_Qing|Di_Hanchen,1,1,mm,official-official
Han_Qi|Han_Zhigui,Di_Yong_(Song_Dynasty),1,1,mm,official-official
Han_Qi|Han_Zhigui,Emperor_Yingzong_of_Song|Zhao_Shu,1,3,mm,official-monarch
Han_Qi|Han_Zhigui,Fu_Bi|Fu_Yanguo,1,5,mm,official-official
Han_Xin_(230-196_BCE),Bai_Qi|Gongsun_Qi,1,2,mm,official-official
Han_Xin_(230-196_BCE),Chen_Yu_(-205_BCE),1,1,mm,official-monarch
Han_Xin_(230-196_BCE),Empress_Dowager_Lu_of_Han|Lu_Zhi,1,1,fm,other
Han_Yu|Han_Tuizhi,Li_He|Li_Changji,1,1,mm,official-official
He_Shen|Niohuru_Zhizhai,Ji_Yun|Ji_Xiaolan,1,2,mm,official-official
Hu_Zongxian,Luo_Longwen,1,1,mm,official-official
Hu_Zongxian,Zhao_Zhenji,1,4,mm,official-official
Hu_Zongxian,Zheng_Michang,1,2,mm,official-official
Huan_Wen|Huan_Yuanzi,Wang_Xun|Wang_Yuanlin,2,1,mm,official-official
Huan_Wen|Huan_Yuanzi,Xie_An|Xie_Anshi,1,2,mm,official-official
Huan_Wen|Huan_Yuanzi,Xie_Shang|Xie_Renzu,2,2,mm,official-official
Huan_Wen|Huan_Yuanzi,Xie_Yi|Xie_Wuyi,1,1,mm,official-official
Huo_Guang|Huo_Zimeng,Crown_Prince_of_Han|Liu_Ju,1,2,mm,official-prince
Huo_Guang|Huo_Zimeng,Emperor_Xuan_of_Han|Liu_Xun,1,4,mm,official-monarch
Huo_Guang|Huo_Zimeng,Emperor_Zhao_of_Han|Liu_Fuling,1,1,mm,official-monarch
Huo_Guang|Huo_Zimeng,Huo_Xian_(-66_BCE),1,1,fm,other
Huo_Guang|Huo_Zimeng,Sang_Hongyang,1,1,mm,official-official
Huo_Qubing,Cao_Xiang_(-115_BCE),1,1,mm,official-prince
Huo_Qubing,Han_Yue_(-91_BCE),1,1,mm,official-official
Huo_Qubing,Yuan_Mei|Yuan_Zicai,1,1,mm,official-official
Huo_Qubing,Zhao_Ponu,1,4,mm,official-official
Ji_Kang|Ji_Shuye,Ruan_Ji|Ruan_Sizong,1,4,mm,official-official
Jia_Chong|Jia_Gonglu,Sima_Yan|Sima_Anshi,1,1,mm,official-monarch
Jia_Chong|Jia_Gonglu,Xun_Xu|Xun_Gongzeng,1,1,mm,official-official
Jia_Xu|Jia_Wenhe,Hua_Tuo|Hua_Yuanhua,1,1,mm,other
Jia_Xu|Jia_Wenhe,Lu_Bu|Lu_Fengxian,1,1,mm,official-official
Jia_Xu|Jia_Wenhe,Xun_Chen|Xun_Youruo,2,1,mm,official-official
Jia_Xu|Jia_Wenhe,Zhang_Xiu_(-207_CE),1,34,mm,official-official
Jiang_Wan|Jiang_Gongyan,Fei_Yi|Fei_Wenwei,1,2,mm,official-official
Jiang_Wei|Jiang_Boyue,Chen_Shou|Chen_Chengzuo,1,9,mm,official-official
Jiang_Wei|Jiang_Boyue,Fei_Yi|Fei_Wenwei,1,6,mm,official-official
Jiang_Wei|Jiang_Boyue,Fu_Qian_(-263_CE),1,1,mm,official-official
Jiang_Wei|Jiang_Boyue,Guan_Yinping,1,1,fm,other
Jiang_Wei|Jiang_Boyue,Sima_Zhao|Sima_Zishang,1,1,mm,official-official
Jiang_Wei|Jiang_Boyue,Xiahou_Ba|Xiahou_Zhongquan,1,3,mm,official-official
Jiang_Wei|Jiang_Boyue,Zhang_Ni|Zhang_Boqi,1,1,mm,official-official
Jiang_Wei|Jiang_Boyue,Zhang_Yi|Zhang_Bogong,1,8,mm,official-official
Jiang_Wei|Jiang_Boyue,Zhuge_Dan|Zhuge_Gongxiu,1,1,mm,official-official
Jiang_Wei|Jiang_Boyue,Zhuge_Zhan|Zhuge_Siyuan,1,2,mm,official-official
King_Huai_of_Chu|Mi_Huai,Chen_Zhen_(Warring_States),1,1,mm,official-monarch
King_Huiwen_of_Qin|Ying_Si,Prince_of_Qin|Ying_Qian,1,1,mm,monarch-prince
King_Huiwen_of_Qin|Ying_Si,Queen_Dowager_Mi_of_Qin|Mi_Yue,1,1,fm,other
King_Huiwen_of_Qin|Ying_Si,Ying_Hua_(Warring_States),1,1,mm,official-monarch
King_of_Wu|Fuchai,Gan_Jiang_(Spring_and_Autumn),1,1,mm,other
King_of_Wu|Fuchai,Shi_Yiguang|Xi_Shi,1,3,fm,other
King_of_Wu|Fuchai,Wu_Yuan|Wu_Zixu,1,1,mm,official-monarch
King_of_Wu|Ji_Guang|Helu,King_of_Wu|Ji_Liao,1,1,mm,monarch-monarch
King_of_Wu|Ji_Guang|Helu,King_of_Yue|Yunchang,1,2,mm,monarch-monarch
King_of_Yue|Goujian,Duanmu_Ci|Duanmu_Zigong,1,1,mm,other
King_of_Yue|Goujian,Fan_Li|Fan_Shaobo,1,6,mm,official-monarch
King_of_Yue|Goujian,Gan_Jiang_(Spring_and_Autumn),1,1,mm,other
King_Wen_of_Zhou|Ji_Chang,Jiang_Ziya,1,2,mm,official-monarch
King_Wu_of_Zhou|Ji_Fa,Bo_Yikao,1,5,mm,other
King_Wu_of_Zhou|Ji_Fa,Duke_Wen_of_Zhou|Ji_Dan,1,14,mm,official-monarch
King_Wu_of_Zhou|Ji_Fa,Jiang_Ziya,1,1,mm,official-monarch
King_Wu_of_Zhou|Ji_Fa,King_Wen_of_Zhou|Ji_Chang,1,4,mm,monarch-monarch
King_Wu_of_Zhou|Ji_Fa,King_Zhou_of_Shang|Zi_Shou|Dixin,1,2,mm,monarch-monarch
King_Zhaoxiang_of_Qin|Ying_Ji,Fan_Ju|Ji_Shu,1,2,mm,official-monarch
King_Zhaoxiang_of_Qin|Ying_Ji,King_Huiwen_of_Zhao|Ying_He,1,2,mm,monarch-monarch
King_Zhaoxiang_of_Qin|Ying_Ji,King_Wuling_of_Zhao|Ying_Yong,1,4,mm,monarch-monarch
King_Zhaoxiang_of_Qin|Ying_Ji,Xiang_Shou_(Warring_States),1,1,mm,official-monarch
Kublai_Khan,Bayan_of_the_Baarin|Hundred_Eyes,1,2,mm,official-monarch
Kublai_Khan,Wen_Tianxiang,1,1,mm,official-monarch
Lady_Xun|Chen_Qun_s_Wife,Chen_Qun|Chen_Changwen,1,1,fm,other
Lai_Junchen,Di_Renjie|Di_Huaiying,1,1,mm,official-official
Last_Lord_of_Tang|Li_Yu,Crown_Prince_of_Tang|Li_Hongji_(-959_CE),1,2,mm,monarch-prince
Last_Lord_of_Tang|Li_Yu,Du_Fu|Du_Zimei,1,1,mm,official-monarch
Last_Lord_of_Tang|Li_Yu,Elder_Lady_Zhou_of_Tang|Zhou_E_huang,1,1,fm,other
Last_Lord_of_Tang|Li_Yu,Emperor_Shizong_of_Zhou|Chai_Rong,1,1,mm,monarch-monarch
Last_Lord_of_Tang|Li_Yu,Emperor_Taizong_of_Song|Zhao_Guangyi,1,6,mm,monarch-monarch
Last_Lord_of_Tang|Li_Yu,King_Zhongyi_of_Wuyue|Qian_Chu,1,4,mm,monarch-monarch
Last_Lord_of_Tang|Li_Yu,Younger_Lady_Zhou_of_Tang_(950-978_CE),1,1,fm,other
Li_Bai|Li_Taibai,Emperor_Xuanzong_of_Tang|Li_Longji,1,1,mm,official-monarch
Li_Bai|Li_Taibai,Gao_Shi|Gao_Dafu,1,3,mm,official-official
Li_Bai|Li_Taibai,Guo_Ziyi,1,1,mm,official-official
Li_Bai|Li_Taibai,Meng_Haoran,1,2,mm,other
Li_Bai|Li_Taibai,Wang_Lun|Wang_Fenglin,1,1,mm,other
Li_Bai|Li_Taibai,Wang_Wei|Wang_Mojie,1,3,mm,official-official
Li_Bai|Li_Taibai,Wu_Zhinan,1,1,mm,other
Li_Bai|Li_Taibai,Yuan_Danqiu,1,1,mm,other
Li_Bai|Li_Taibai,Zhuangzi|Zhuang_Zhou,1,1,mm,other
Li_Jiancheng,Chang_He|Chang_Dalai,1,1,mm,official-prince
Li_Jiancheng,Li_Yuanji,1,1,mm,prince-prince
Li_Ru|Li_Wenyou,Emperor_Shao_of_Han|Liu_Bian,1,1,mm,official-monarch
Li_Shangyin,Bai_Xingjian,1,1,mm,official-official
Li_Shangyin,Du_Mu|Du_Muzhi,1,13,mm,official-official
Li_Shangyin,Linghu_Tao|Linghu_Zizhi,1,4,mm,official-official
Li_Si|Li_Tonggu,Han_Fei_(280-233_BCE),1,28,mm,official-official
Li_Si|Li_Tonggu,Li_You_(261-208_BCE),2,1,mm,official-official
Li_Si|Li_Tonggu,Lu_Buwei,1,1,mm,official-official
Li_Si|Li_Tonggu,Meng_Tian_(250-210_BCE),1,2,mm,official-official
Li_Si|Li_Tonggu,Second_Emperor_of_Qin|Qin_Ershi|Huhai,1,1,mm,official-monarch
Li_Si|Li_Tonggu,Yao_Jia_(Warring_States),2,1,mm,official-official
Li_Si|Li_Tonggu,Zhao_Gao_(258-207_BCE),1,1,mm,official-official
Li_Xiucheng,Hong_Xiuquan,1,1,mm,official-monarch
Liu_Bei|Liu_Xuande,Chen_Dao|Chen_Shuzhi,1,1,mm,official-monarch
Liu_Bei|Liu_Xuande,Chen_Deng|Chen_Yuanlong,1,1,mm,official-monarch
Liu_Bei|Liu_Xuande,Fa_Zheng|Fa_Xiaozhi,1,14,mm,official-monarch
Liu_Bei|Liu_Xuande,Gongsun_Zan|Gongsun_Bogui,1,7,mm,official-monarch
Liu_Bei|Liu_Xuande,Jiang_Wei|Jiang_Boyue,1,2,mm,official-monarch
Liu_Bei|Liu_Xuande,Liu_Feng_(192-220_CE),1,4,mm,official-monarch
Liu_Bei|Liu_Xuande,Liu_Shan|Liu_Gongsi,2,1,mm,monarch-monarch
Liu_Bei|Liu_Xuande,Lu_Bu|Lu_Fengxian,1,2,mm,official-monarch
Liu_Bei|Liu_Xuande,Ma_Chao|Ma_Mengqi,1,1,mm,official-monarch
Liu_Bei|Liu_Xuande,Mi_Zhu|Mi_Zizhong,1,1,mm,official-monarch
Liu_Bei|Liu_Xuande,Sun_Jian|Sun_Wentai,1,1,mm,official-monarch
Liu_Bei|Liu_Xuande,Sun_Shangxiang_(Three_Kingdoms),1,3,fm,other
Liu_Bei|Liu_Xuande,Wei_Yan|Wei_Wenchang,1,3,mm,official-monarch
Liu_Bei|Liu_Xuande,Xu_Shu|Xu_Yuanzhi,1,12,mm,official-monarch
Liu_Bei|Liu_Xuande,Xun_Yu|Xun_Wenruo,1,2,mm,official-monarch
Liu_Bei|Liu_Xuande,Yuan_Shao|Yuan_Benchu,1,4,mm,official-monarch
Liu_Bei|Liu_Xuande,Zhuge_Jin|Zhuge_Ziyu,1,2,mm,official-monarch
Liu_Shan|Liu_Gongsi,Sima_Zhao|Sima_Zishang,1,1,mm,official-monarch
Liu_Shan|Liu_Gongsi,Zhuge_Zhan|Zhuge_Siyuan,1,1,mm,official-monarch
Liu_Yuanjing,Emperor_Xiaowu_of_Song|Liu_Jun,1,1,mm,official-monarch
Liu_Yuxi,Han_Yu|Han_Tuizhi,1,3,mm,official-official
Liu_Yuxi,Liu_Zongyuan|Liu_Zihou,1,44,mm,official-official
Liu_Yuxi,Xue_Tao|Xue_Hongdu,1,1,fm,other
Liu_Zongyuan|Liu_Zihou,Han_Yu|Han_Tuizhi,1,10,mm,official-official
Lu_Bing|Lu_Wenfu,Zhu_Xizhong,1,1,mm,official-official
Lu_Bu|Lu_Fengxian,Diao_Chan_(Romance_of_the_Three_Kingdoms),1,3,fm,other
Lu_Bu|Lu_Fengxian,Ding_Yuan|Ding_Jianyang,1,1,mm,official-official
Lu_Bu|Lu_Fengxian,Gao_Shun_(-199_CE),1,6,mm,official-official
Lu_Bu|Lu_Fengxian,Zhang_Liao|Zhang_Wenyuan,1,8,mm,official-official
Lu_Buwei,King_Zhuangxiang_of_Qin|Ying_Yiren,1,3,mm,official-monarch
Lu_Dian|Lu_Nongshi,Wang_Pang|Wang_Yuanze,1,1,mm,official-official
Lu_Ji|Lu_Shiheng,Lu_Zhi|Lu_Zidao,1,1,mm,official-official
Lu_Kang|Lu_Youjie,Sun_Ba|Sun_Ziwei,1,1,mm,official-prince
Lu_Kang|Lu_Youjie,Sun_Deng|Sun_Zigao,1,1,mm,official-prince
Lu_Kang|Lu_Youjie,Sun_Hao|Sun_Yuanzong,1,6,mm,official-monarch
Lu_Kang|Lu_Youjie,Sun_He|Sun_Zixiao,1,2,mm,official-prince
Lu_Kang|Lu_Youjie,Sun_Xiu|Sun_Zilie,1,1,mm,official-monarch
Lu_Kang|Lu_Youjie,Wu_Yan|Wu_Shize,1,1,mm,official-official
Lu_Kang|Lu_Youjie,Yang_Hu|Yang_Shuzi,1,11,mm,official-official
Lu_Meng|Lu_Ziming,Zhu_Ran|Zhu_Yifeng,1,1,mm,official-official
Lu_Su|Lu_Zijing,Lu_Meng|Lu_Ziming,1,2,mm,official-official
Lu_Xun|Lu_Boyan,Lady_Sun|Lu_Xun_s_Wife,1,1,fm,other
Lu_Xun|Lu_Boyan,Lu_Kang|Lu_Youjie,1,3,mm,official-official
Lu_Xun|Lu_Boyan,Sun_Shangxiang_(Three_Kingdoms),1,1,fm,other
Lu_Xun|Lu_Boyan,Zhu_Ran|Zhu_Yifeng,1,2,mm,official-official
Lu_Yun|Lu_Shilong,Lu_Ji|Lu_Shiheng,1,3,mm,official-official
Lu_Yun|Lu_Shilong,Lu_Zhi|Lu_Zidao,1,1,mm,official-official
Luo_Longwen,Zheng_Michang,1,1,mm,official-official
Meng_Chong_(Ming_Dynasty),Gao_Gong|Gao_Suqing,2,1,mm,official-official
Ouyang_Xiu,Fu_Bi|Fu_Yanguo,2,1,mm,official-official
Ouyang_Xiu,Qian_Weiyan,1,3,mm,official-official
Ouyang_Xiu,Su_Shunqin|Su_Zimei,1,1,mm,official-official
Ouyang_Xiu,Yan_Shu|Yan_Tongshu,1,2,mm,official-official
Ouyang_Xiu,Zeng_Gong|Zeng_Zigu,1,1,mm,official-official
Pang_Tong|Pang_Shiyuan,Fa_Zheng|Fa_Xiaozhi,1,3,mm,official-official
Pang_Tong|Pang_Shiyuan,Liu_Bei|Liu_Xuande,1,3,mm,official-monarch
Pang_Tong|Pang_Shiyuan,Zhuge_Liang|Zhuge_Kongming,1,3,mm,official-official
Prince_Han_of_Ming|Zhu_Gaoxu,Prince_Zhou_of_Ming|Zhu_Su,1,2,mm,prince-prince
Prince_He_of_Qing|Hongzhou,Empress_Nara_of_Qing_(1718-1766),1,1,fm,other
Prince_Jing_of_Song|Zhao_Yuanyan,Emperor_Zhenzong_of_Song|Zhao_Heng,2,1,mm,monarch-prince
Prince_Lanling_of_Qi|Gao_Changgong,Gao_Xiaoyu,1,1,mm,prince-prince
Prince_Li_of_Qing|Yinreng,Emperor_Kangxi_of_Qing|Xuanye,1,9,mm,monarch-prince
Prince_Li_of_Qing|Yinreng,Prince_Zhi_of_Qing|Yinzhi,1,9,mm,prince-prince
Prince_Lian_of_Qing|Yinsi,Alingga_(-1716),1,1,mm,official-prince
Prince_Lian_of_Qing|Yinsi,Bootai_(1682-1730_CE),1,1,mm,prince-prince
Prince_Lian_of_Qing|Yinsi,Elundai_(-1726_CE),1,1,mm,official-prince
Prince_Lian_of_Qing|Yinsi,Emperor_Kangxi_of_Qing|Xuanye,1,4,mm,monarch-prince
Prince_Lian_of_Qing|Yinsi,Emperor_Qianlong_of_Qing|Hongli,1,1,mm,monarch-prince
Prince_Lian_of_Qing|Yinsi,Hongchun_(1703-1739),1,1,mm,prince-prince
Prince_Lian_of_Qing|Yinsi,Hongshi_(1704-1727),1,5,mm,prince-prince
Prince_Lian_of_Qing|Yinsi,Lady_Guoluoluo|Yinsi_s_Wife,1,6,fm,other
Prince_Lian_of_Qing|Yinsi,Longkodo_(1658-1728_CE),1,1,mm,official-prince
Prince_Lian_of_Qing|Yinsi,Nara_Kuixu,1,1,mm,official-prince
Prince_Lian_of_Qing|Yinsi,Prince_Chun_of_Qing|Yinyou,1,1,mm,prince-prince
Prince_Lian_of_Qing|Yinsi,Prince_Li_of_Qing|Yinreng,1,4,mm,prince-prince
Prince_Lian_of_Qing|Yinsi,Prince_of_Qing|Yin_e_(1683-1741),1,5,mm,prince-prince
Prince_Lian_of_Qing|Yinsi,Prince_of_Qing|Yintang_(1683-1726),1,29,mm,prince-prince
Prince_Lian_of_Qing|Yinsi,Prince_Xun_of_Qing|Yinzhen,1,66,mm,prince-prince
Prince_Ning_of_Ming|Zhu_Quan,Prince_Han_of_Ming|Zhu_Gaoxu,1,1,mm,prince-prince
Prince_of_Qing|Yintang_(1683-1726),Prince_of_Qing|Yin_e_(1683-1741),1,5,mm,prince-prince
Prince_Xun_of_Qing|Yinzhen,Hongchun_(1703-1739),1,2,mm,prince-prince
Prince_Xun_of_Qing|Yinzhen,Prince_of_Qing|Yin_e_(1683-1741),1,4,mm,prince-prince
Prince_Xun_of_Qing|Yinzhen,Prince_of_Qing|Yintang_(1683-1726),1,5,mm,prince-prince
Prince_Yi_of_Qing|Yinxiang,Prince_Li_of_Qing|Yinreng,1,2,mm,prince-prince
Prince_Yi_of_Qing|Yinxiang,Prince_Lian_of_Qing|Yinsi,1,7,mm,prince-prince
Prince_Yi_of_Qing|Yinxiang,Prince_Xun_of_Qing|Yinzhen,1,3,mm,prince-prince
Prince_Zhi_of_Qing|Yinzhi,Prince_Lian_of_Qing|Yinsi,2,2,mm,prince-prince
Princess_Yangxin_of_Han,Emperor_Wu_of_Han|Liu_Che,2,1,fm,other
Qi_Jiguang,Xu_Xiake,1,1,mm,other
Qin_Guan|Qin_Shaoyou,Liu_Yong|Liu_Qiqing,1,7,mm,official-official
Qin_Hui|Qin_Huizhi,Lai_Junchen,1,1,mm,official-official
Qin_Hui|Qin_Huizhi,Wang_Ciweng,1,1,mm,official-official
Qin_Hui|Qin_Huizhi,Wang_Guigui,1,1,fm,other
Qin_Hui|Qin_Huizhi,Wanyan_Chang,1,4,mm,official-official
Qin_Hui|Qin_Huizhi,Yang_Yuan|Yang_Yuanzhong,1,1,mm,official-official
Qin_Hui|Qin_Huizhi,Zhang_Jun|Zhang_Boying,1,1,mm,official-official
Qu_Yuan_(343-278_BCE),Chen_Zhen_(Warring_States),1,1,mm,official-official
Qu_Yuan_(343-278_BCE),King_Huai_of_Chu|Mi_Huai,1,4,mm,official-monarch
Shang_Yang|Ji_Yang,King_Huiwen_of_Qin|Ying_Si,1,3,mm,official-monarch
Shangguan_Wan_er_(Tang_Dynasty),Princess_Taiping_of_Tang|Li_Lingyue,1,1,ff,other
Shen_Shixing,Wang_Xijue,1,3,mm,official-official
Shen_Shixing,Zhang_Siwei,1,2,mm,official-official
Sima_Guang,Lady_Zhang|Sima_Guang_s_Wife,1,1,fm,other
Sima_Guang,Sima_Qian,2,1,mm,official-official
Sima_Qian,Qu_Yuan_(343-278_BCE),1,9,mm,official-official
Sima_Shi|Sima_Ziyuan,Cao_Fang|Cao_Lanqing,1,2,mm,official-monarch
Sima_Shi|Sima_Ziyuan,Shi_Bao|Shi_Zhongrong,1,1,mm,official-official
Sima_Shi|Sima_Ziyuan,Sima_Fu|Sima_Shuda,1,1,mm,official-official
Sima_Shi|Sima_Ziyuan,Sima_Gan|Sima_Ziliang,1,1,mm,official-prince
Sima_Shi|Sima_Ziyuan,Xiahou_Hui|Xiahou_Yuanrong,1,1,fm,other
Sima_Shi|Sima_Ziyuan,Xiahou_Xuan|Xiahou_Taichu,1,6,mm,official-official
Sima_Yan|Sima_Anshi,Cao_Huan|Cao_Jingming,1,1,mm,monarch-monarch
Sima_Yan|Sima_Anshi,Cao_Zhi|Cao_Yungong,1,1,mm,official-monarch
Sima_Yan|Sima_Anshi,Li_Mi|Li_Lingbo,1,1,mm,monarch-official
Sima_Yan|Sima_Anshi,Sima_You|Sima_Dayou,1,6,mm,monarch-prince
Sima_Yi|Sima_Shidu,Ji_Shao|Ji_Yanzu,1,1,mm,official-prince
Sima_Yi|Sima_Shidu,Sima_Jiong|Sima_Jingzhi,1,1,mm,prince-prince
Sima_Yi|Sima_Zhongda,Chen_Qun|Chen_Changwen,2,1,mm,official-official
Sima_Yi|Sima_Zhongda,Deng_Ai|Deng_Shizai,1,2,mm,official-official
Sima_Yi|Sima_Zhongda,Jia_Xu|Jia_Wenhe,1,3,mm,official-official
Sima_Yi|Sima_Zhongda,Li_Bai|Li_Taibai,1,1,mm,official-official
Sima_Yi|Sima_Zhongda,Sima_Lang|Sima_Boda,1,1,mm,official-official
Sima_Yi|Sima_Zhongda,Sima_Zhao|Sima_Zishang,1,1,mm,official-official
Sima_Yi|Sima_Zhongda,Xun_Yu|Xun_Wenruo,1,3,mm,official-official
Sima_Yi|Sima_Zhongda,Zhang_Chunhua,1,7,fm,other
Sima_Yi|Sima_Zhongda,Zhen_Ji_(183-221_CE),1,2,fm,other
Sima_Yi|Sima_Zhongda,Zhu_Shuo|Zhu_Yancai,2,1,mm,official-official
Sima_Yi|Sima_Zhongda,Zhuge_Liang|Zhuge_Kongming,1,5,mm,official-official
Sima_Zhao|Sima_Zishang,Cao_Fang|Cao_Lanqing,1,1,mm,official-monarch
Sima_Zhao|Sima_Zishang,Cao_Mao|Cao_Yanshi,1,7,mm,official-monarch
Sima_Zhao|Sima_Zishang,Chen_Tai|Chen_Xuanbo,1,2,mm,official-official
Sima_Zhao|Sima_Zishang,Jia_Chong|Jia_Gonglu,1,2,mm,official-official
Sima_Zhao|Sima_Zishang,Ruan_Ji|Ruan_Sizong,1,1,mm,official-official
Sima_Zhao|Sima_Zishang,Wang_Yuanji,1,2,fm,other
Sima_Zhao|Sima_Zishang,Xiahou_Hui|Xiahou_Yuanrong,2,1,fm,other
Su_Shi|Su_Dongpo,Lady_Cheng|Su_Xun_s_Wife,2,1,fm,other
Su_Shi|Su_Dongpo,Tao_Yuanming,2,1,mm,official-official
Su_Shi|Su_Dongpo,Wang_Anshi,1,6,mm,official-official
Su_Shi|Su_Dongpo,Wang_Shi|Wang_Zili,1,1,mm,other
Su_Shi|Su_Dongpo,Wang_Yu|Wang_Zimin,1,1,mm,official-official
Su_Shi|Su_Dongpo,Yang_Shen|Yang_Yongxiu,1,1,mm,official-official
Su_Shi|Su_Dongpo,Zhang_Dun|Zhang_Zihou,1,2,mm,official-official
Su_Shi|Su_Dongpo,Zhu_Rangxu,1,1,mm,official-prince
Su_Zhe|Su_Ziyou,Fan_Zhongyan,1,1,mm,official-official
Su_Zhe|Su_Ziyou,Lady_Cheng|Su_Xun_s_Wife,2,1,fm,other
Su_Zhe|Su_Ziyou,Zhang_Dun|Zhang_Zihou,1,1,mm,official-official
Sun_Ce|Sun_Bofu,Elder_Lady_Qiao_(Three_Kingdoms),1,2,fm,other
Sun_Ce|Sun_Bofu,Guo_Jia|Guo_Fengxiao,1,2,mm,official-monarch
Sun_Ce|Sun_Bofu,Lu_Fan|Lu_Ziheng,1,1,mm,official-monarch
Sun_Ce|Sun_Bofu,Lu_Xun|Lu_Boyan,1,3,mm,official-monarch
Sun_Ce|Sun_Bofu,Sun_Jian|Sun_Wentai,1,1,mm,official-monarch
Sun_Ce|Sun_Bofu,Taishi_Ci|Taishi_Ziyi,1,12,mm,official-monarch
Sun_Ce|Sun_Bofu,Xun_Yu|Xun_Wenruo,1,1,mm,official-monarch
Sun_Ce|Sun_Bofu,Yu_Fan|Yu_Zhongxiang,1,3,mm,official-monarch
Sun_Ce|Sun_Bofu,Yuan_Shu|Yuan_Gonglu,1,4,mm,monarch-monarch
Sun_Ce|Sun_Bofu,Zhang_Zhao|Zhang_Zibu,1,3,mm,official-monarch
Sun_Ce|Sun_Bofu,Zhuge_Liang|Zhuge_Kongming,1,1,mm,official-monarch
Sun_Hao|Sun_Yuanzong,Sima_Yan|Sima_Anshi,1,1,mm,monarch-monarch
Sun_Quan|Sun_Zhongmou,Emperor_Xuanzhao_of_Qin|Fu_Jian,1,1,mm,monarch-monarch
Sun_Quan|Sun_Zhongmou,Ling_Tong|Ling_Gongji,1,5,mm,official-monarch
Sun_Quan|Sun_Zhongmou,Liu_Bei|Liu_Xuande,1,1,mm,monarch-monarch
Sun_Quan|Sun_Zhongmou,Lu_Kang|Lu_Youjie,1,5,mm,official-monarch
Sun_Quan|Sun_Zhongmou,Lu_Meng|Lu_Ziming,1,2,mm,official-monarch
Sun_Quan|Sun_Zhongmou,Lu_Su|Lu_Zijing,1,8,mm,official-monarch
Sun_Quan|Sun_Zhongmou,Pan_Zhang|Pan_Wengui,1,1,mm,official-monarch
Sun_Quan|Sun_Zhongmou,Sun_Luban,1,2,fm,other
Sun_Quan|Sun_Zhongmou,Sun_Shangxiang_(Three_Kingdoms),1,3,fm,other
Sun_Quan|Sun_Zhongmou,Yu_Jin|Yu_Wenze,1,7,mm,official-monarch
Sun_Quan|Sun_Zhongmou,Zhang_Liao|Zhang_Wenyuan,1,3,mm,official-monarch
Sun_Quan|Sun_Zhongmou,Zhou_Tai|Zhou_Youping,1,3,mm,official-monarch
Sun_Quan|Sun_Zhongmou,Zhu_Ran|Zhu_Yifeng,1,4,mm,official-monarch
Sun_Quan|Sun_Zhongmou,Zhuge_Jin|Zhuge_Ziyu,1,2,mm,official-monarch
Sun_Quan|Sun_Zhongmou,Zhuge_Liang|Zhuge_Kongming,1,1,mm,official-monarch
Sun_Shangxiang_(Three_Kingdoms),Bu_Lianshi,1,1,ff,other
Tang_Sanzang|Tripitaka,Qu_Wentai,1,1,mm,other
Tang_Xianzu,Feng_Menglong,1,18,mm,official-official
Tang_Yin|Tang_Bohu,Chen_Chun|Chen_Daofu,1,1,mm,official-official
Tang_Yin|Tang_Bohu,Wen_Bi|Wen_Zhengming,1,3,mm,official-official
Tang_Yin|Tang_Bohu,Zhang_Ling|Zhang_Mengjin,1,1,mm,other
Toqto_a_(1314-1356_CE),Bayan_of_the_Merkid_(-1340_CE),1,1,mm,official-official
Wang_Anshi,Cai_Bian|Cai_Yuandu,1,1,mm,official-official
Wang_Anshi,Lu_Dian|Lu_Nongshi,1,1,mm,official-official
Wang_Anshi,Lu_Huiqing,1,3,mm,official-official
Wang_Anshi,Lu_Jiawen,1,3,mm,official-official
Wang_Anshi,Wang_Jie|Wang_Zhongfu,1,1,mm,official-official
Wang_Anshi,Wang_Pang|Wang_Yuanze,1,1,mm,official-official
Wang_Anshi,Zeng_Gong|Zeng_Zigu,1,7,mm,official-official
Wang_Anshi,Zhang_Dun|Zhang_Zihou,1,1,mm,official-official
Wang_Meng|Wang_Jinglue,Duke_Yangping_of_Qin|Fu_Rong,1,2,mm,official-prince
Wang_Meng|Wang_Jinglue,Emperor_Chengwu_of_Yan|Murong_Chui,1,9,mm,official-monarch
Wang_Yi_(Three_Kingdoms),Ma_Dai_(183-_CE),1,1,fm,other
Wang_Yuanji,Yang_Huiyu,1,1,ff,other
Wei_Qing|Wei_Zhongqing,Cao_Xiang_(-115_BCE),1,3,mm,official-prince
Wei_Qing|Wei_Zhongqing,Emperor_Wu_of_Han|Liu_Che,1,108,mm,official-monarch
Wei_Qing|Wei_Zhongqing,Gongsun_Ao,1,2,mm,official-official
Wei_Qing|Wei_Zhongqing,Guo_Jie|Guo_Wengbo,1,1,mm,other
Wei_Qing|Wei_Zhongqing,Han_Yue_(-91_BCE),1,1,mm,official-official
Wei_Qing|Wei_Zhongqing,Huo_Qubing,1,66,mm,official-official
Wei_Qing|Wei_Zhongqing,Princess_Yangxin_of_Han,1,7,fm,other
Wei_Qing|Wei_Zhongqing,Ren_Shaoqing,1,1,mm,official-official
Wei_Qing|Wei_Zhongqing,Su_Jian_(Han_Dynasty),1,1,mm,official-official
Wei_Qing|Wei_Zhongqing,Tian_Ren_(-91_BCE),1,1,mm,official-official
Wei_Qing|Wei_Zhongqing,Zhang_Qian|Zhang_Ziwen,1,1,mm,official-official
Wei_Qing|Wei_Zhongqing,Zhufu_Yan,1,1,mm,official-official
Wei_Yan|Wei_Wenchang,Yang_Yi|Yang_Weigong,1,4,mm,official-official
Wu_Yuan|Wu_Zixu,Shen_Baoxu,1,1,mm,official-official
Wu_Zhi|Wu_Jichong,Zhu_Shuo|Zhu_Yancai,2,1,mm,official-official
Xi_Chao|Xi_Jingxing,Huan_Wen|Huan_Yuanzi,2,3,mm,official-official
Xi_Chao|Xi_Jingxing,Xie_An|Xie_Anshi,2,1,mm,official-official
Xi_Chao|Xi_Jingxing,Xie_Xuan|Xie_Youdu,2,1,mm,official-official
Xiahou_Dun|Xiahou_Yuanrang,Lu_Bu|Lu_Fengxian,1,1,mm,official-official
Xiahou_Dun|Xiahou_Yuanrang,Zhang_Liao|Zhang_Wenyuan,1,1,mm,official-official
Xiahou_Xuan|Xiahou_Taichu,He_Yan|He_Pingshu,1,1,mm,official-official
Xiahou_Xuan|Xiahou_Taichu,Xiahou_Hui|Xiahou_Yuanrong,1,1,fm,other
Xiang_Yu_(232-202_BCE),Ying_Bu_(-195_BCE),1,1,mm,official-monarch
Xiang_Yu_(232-202_BCE),Yu_Ji_(-202_BCE),1,3,fm,other
Xiao_He_(-193_BCE),Empress_Dowager_Lu_of_Han|Lu_Zhi,1,1,fm,other
Xiao_Ziyun,Wang_Yun|Wang_Yuankui,1,1,mm,official-official
Xie_An|Xie_Anshi,Huan_Yi|Huan_Ziye,1,1,mm,official-official
Xie_An|Xie_Anshi,Lady_Liu|Xie_An_s_Wife,1,3,fm,other
Xie_Xuan|Xie_Youdu,Liu_Laozhi,1,2,mm,official-official
Xie_Xuan|Xie_Youdu,Xie_Daoyun,1,10,fm,other
Xu_Jie|Xu_Zisheng,Emperor_Shizong_of_Ming|Zhu_Houcong,1,1,mm,official-monarch
Xu_Jie|Xu_Zisheng,Lu_Bing|Lu_Wenfu,1,1,mm,official-official
Xu_Jie|Xu_Zisheng,Xia_Yan|Xia_Gongjin,1,2,mm,official-official
Xu_Jie|Xu_Zisheng,Yan_Song|Yan_Weizhong,1,5,mm,official-official
Xu_Jie|Xu_Zisheng,Zhao_Zhenji,1,1,mm,official-official
Xu_Jie|Xu_Zisheng,Zhu_Xizhong,1,1,mm,official-official
Xu_Shu|Xu_Yuanzhi,Yang_Xiu|Yang_Dezu,2,1,mm,official-official
Xu_Wei|Xu_Wenchang,Hu_Zongxian,1,22,mm,official-official
Xu_Wei|Xu_Wenchang,Tang_Xianzu,2,1,mm,official-official
Xu_Wei|Xu_Wenchang,Tang_Yin|Tang_Bohu,1,2,mm,official-official
Xu_Zhenqing,Tang_Yin|Tang_Bohu,2,1,mm,official-official
Xun_You|Xun_Gongda,Xun_Chen|Xun_Youruo,2,1,mm,official-official
Xun_You|Xun_Gongda,Zhang_Liao|Zhang_Wenyuan,1,5,mm,official-official
Xun_You|Xun_Gongda,Zhong_Yao|Zhong_Yuanchang,1,17,mm,official-official
Xun_Yu|Xun_Wenruo,Cheng_Yu|Cheng_Zhongde,1,1,mm,official-official
Xun_Yu|Xun_Wenruo,Dong_Zhuo|Dong_Zhongying,1,1,mm,official-official
Xun_Yu|Xun_Wenruo,Emperor_Xian_of_Han|Liu_Xie,1,2,mm,official-monarch
Xun_Yu|Xun_Wenruo,Hua_Tuo|Hua_Yuanhua,1,1,mm,other
Xun_Yu|Xun_Wenruo,Xiahou_Dun|Xiahou_Yuanrang,1,1,mm,official-official
Xun_Yu|Xun_Wenruo,Zhang_Liao|Zhang_Wenyuan,1,6,mm,official-official
Yan_Liang_(Three_Kingdoms),Wen_Chou_(Three_Kingdoms),1,1,mm,official-official
Yan_Shifan,Hu_Zongxian,1,8,mm,official-official
Yan_Shifan,Luo_Longwen,1,2,mm,official-official
Yan_Shifan,Zheng_Michang,1,2,mm,official-official
Yan_Shu|Yan_Tongshu,Emperor_Zhenzong_of_Song|Zhao_Heng,1,4,mm,official-monarch
Yan_Shu|Yan_Tongshu,Lady_Yan|Yan_Qingsu,2,1,fm,other
Yan_Shu|Yan_Tongshu,Yan_Jidao,1,1,mm,official-official
Yan_Song|Yan_Weizhong,Xia_Yan|Xia_Gongjin,1,2,mm,official-official
Yan_Song|Yan_Weizhong,Yang_Shen|Yang_Yongxiu,1,3,mm,official-official
Yang_Shen|Yang_Yongxiu,Zhu_Rangxu,1,1,mm,official-prince
Yang_Tinghe|Yang_Jiefu,Emperor_Shizong_of_Ming|Zhu_Houcong,1,2,mm,official-monarch
Yang_Xiu|Yang_Zhishu,Sima_Yan|Sima_Anshi,1,2,mm,official-monarch
Yuan_Shao|Yuan_Benchu,Cao_Hong|Cao_Zilian,1,1,mm,official-official
Yuan_Shao|Yuan_Benchu,Emperor_Ling_of_Han|Liu_Hong,1,1,mm,official-monarch
Yuan_Shao|Yuan_Benchu,Gongsun_Zan|Gongsun_Bogui,1,4,mm,official-official
Yuan_Shao|Yuan_Benchu,He_Jin|He_Suigao,1,4,mm,official-official
Yuan_Shao|Yuan_Benchu,He_Miao|He_Shuda,1,1,mm,official-official
Yuan_Shao|Yuan_Benchu,Ju_Shou_(-200_CE),1,1,mm,official-official
Yuan_Shao|Yuan_Benchu,Lady_Liu|Yuan_Shao_s_Wife,1,3,fm,other
Yuan_Shao|Yuan_Benchu,Liu_Biao|Liu_Jingsheng,1,2,mm,official-official
Yuan_Shao|Yuan_Benchu,Pang_Ji|Pang_Yuantu,1,1,mm,official-official
Yuan_Shao|Yuan_Benchu,Shen_Pei|Shen_Zhengnan,1,1,mm,official-official
Yuan_Shao|Yuan_Benchu,Xu_You|Xu_Ziyuan,1,1,mm,official-official
Yuan_Shao|Yuan_Benchu,Xun_Chen|Xun_Youruo,1,2,mm,official-official
Yuan_Shao|Yuan_Benchu,Yuan_Shu|Yuan_Gonglu,1,6,mm,official-monarch
Yuan_Shao|Yuan_Benchu,Yuan_Tan|Yuan_Xiansi,1,1,mm,official-official
Yuan_Shao|Yuan_Benchu,Yuan_Wei|Yuan_Ciyang,1,1,mm,official-official
Yuan_Shu|Yuan_Gonglu,Gongsun_Zan|Gongsun_Bogui,1,3,mm,official-monarch
Yuan_Shu|Yuan_Gonglu,Sun_Jian|Sun_Wentai,1,10,mm,official-monarch
Yuan_Zhen|Yuan_Weizhi,Liu_Yuxi,1,2,mm,official-official
Yuan_Zhen|Yuan_Weizhi,Liu_Zongyuan|Liu_Zihou,1,1,mm,official-official
Yue_Fei|Yue_Pengju,Li_Wa|Li_Xiao_e,1,1,fm,other
Yue_Fei|Yue_Pengju,Wanyan_Zongbi,1,1,mm,official-official
Yue_Fei|Yue_Pengju,Yue_Yun|Yue_Yingxiang,1,2,mm,official-official
Yue_Fei|Yue_Pengju,Zhang_Xian_(-1142_CE),1,1,mm,official-official
Yue_Jin|Yue_Wenqian,Li_Dian|Li_Mancheng,1,1,mm,official-official
Zhang_Dai|Zhang_Zongzi,Qi_Biaojia,1,24,mm,other
Zhang_Dun|Zhang_Zihou,Emperor_Zhezong_of_Song|Zhao_Xu,1,9,mm,official-monarch
Zhang_Dun|Zhang_Zihou,Lady_Zhang|Wife_of_Zhang_Dun,1,2,fm,other
Zhang_Dun|Zhang_Zihou,Lu_Huiqing,1,8,mm,official-official
Zhang_Dun|Zhang_Zihou,Ouyang_Xiu,1,1,mm,official-official
Zhang_Dun|Zhang_Zihou,Zeng_Bu|Zeng_Zixuan,1,6,mm,official-official
Zhang_Dun|Zhang_Zihou,Zhang_Shangying,1,3,mm,official-official
Zhang_Fei|Zhang_Yide,Zhao_Yun|Zhao_Zilong,2,1,mm,official-official
Zhang_Juzheng,Cao_Xueqin,1,1,mm,other
Zhang_Juzheng,Emperor_Shizong_of_Ming|Zhu_Houcong,1,1,mm,official-monarch
Zhang_Juzheng,Gao_Gong|Gao_Suqing,1,13,mm,official-official
Zhang_Juzheng,Qi_Jiguang,1,6,mm,official-official
Zhang_Juzheng,Wang_Shizhen|Wang_Yuanmei,1,1,mm,official-official
Zhang_Juzheng,Xu_Jie|Xu_Zisheng,1,1,mm,official-official
Zhang_Juzheng,Yan_Shifan,1,2,mm,official-official
Zhang_Juzheng,Zhang_Jingxiu,1,1,mm,official-official
Zhang_Juzheng,Zhang_Siwei,1,3,mm,official-official
Zhang_Juzheng,Zhu_Lian|Zhu_Wenqing,1,1,mm,official-official
Zhang_Liao|Zhang_Wenyuan,Lu_Lingqi,1,1,fm,other
Zhang_Liao|Zhang_Wenyuan,Yu_Jin|Yu_Wenze,1,3,mm,official-official
Zhang_Yi_(329-309_BCE),King_Huiwen_of_Qin|Ying_Si,1,7,mm,official-monarch
Zhang_Yu|Zhang_Shimei,Zhang_Fu|Zhang_Wenbi,1,1,mm,official-official
Zhao_Yun|Zhao_Zilong,Gongsun_Zan|Gongsun_Bogui,1,3,mm,official-official
Zhao_Yun|Zhao_Zilong,Jiang_Wei|Jiang_Boyue,1,6,mm,official-official
Zhao_Yun|Zhao_Zilong,Ma_Chao|Ma_Mengqi,1,19,mm,official-official
Zhao_Yun|Zhao_Zilong,Sun_Shangxiang_(Three_Kingdoms),1,1,fm,other
Zhao_Yun|Zhao_Zilong,Wei_Yan|Wei_Wenchang,1,1,mm,official-official
Zhao_Yun|Zhao_Zilong,Xun_Yu|Xun_Wenruo,1,1,mm,official-official
Zhao_Yun|Zhao_Zilong,Zhuge_Liang|Zhuge_Kongming,1,47,mm,official-official
Zhen_Ji_(183-221_CE),Guo_Nuwang,1,1,fm,other
Zhen_Ji_(183-221_CE),Yuan_Xi|Yuan_Xianyi,1,1,fm,other
Zhen_Ji_(183-221_CE),Zhang_Chunhua,1,4,ff,other
Zheng_He|Ma_Sanbao,Li_Jinglong_(-1423_CE),1,1,mm,official-official
Zheng_He|Ma_Sanbao,Prince_Han_of_Ming|Zhu_Gaoxu,1,4,mm,official-prince
Zheng_He|Ma_Sanbao,Prince_Ning_of_Ming|Zhu_Quan,1,1,mm,official-prince
Zhong_Hui|Zhong_Shiji,Cao_Mao|Cao_Yanshi,1,1,mm,official-monarch
Zhong_Hui|Zhong_Shiji,Ji_Kang|Ji_Shuye,1,5,mm,official-official
Zhong_Hui|Zhong_Shiji,Sima_Shi|Sima_Ziyuan,1,5,mm,official-official
Zhong_Hui|Zhong_Shiji,Sima_Zhao|Sima_Zishang,1,33,mm,official-official
Zhong_Hui|Zhong_Shiji,Wei_Guan|Wei_Boyu,1,3,mm,official-official
Zhong_Hui|Zhong_Shiji,Xiahou_Xuan|Xiahou_Taichu,1,4,mm,official-official
Zhong_Hui|Zhong_Shiji,Xiang_Xiong|Xiang_Maobo,1,1,mm,official-official
Zhong_Hui|Zhong_Shiji,Yang_Hu|Yang_Shuzi,1,3,mm,official-official
Zhong_Hui|Zhong_Shiji,Yang_Xiu|Yang_Zhishu,1,1,mm,official-official
Zhou_Yu|Zhou_Gongjin,Gan_Ning|Gan_Xingba,1,12,mm,official-official
Zhou_Yu|Zhou_Gongjin,Guo_Jia|Guo_Fengxiao,1,1,mm,official-official
Zhou_Yu|Zhou_Gongjin,Liu_Bei|Liu_Xuande,1,1,mm,official-monarch
Zhou_Yu|Zhou_Gongjin,Lu_Meng|Lu_Ziming,1,16,mm,official-official
Zhou_Yu|Zhou_Gongjin,Lu_Xun|Lu_Boyan,1,7,mm,official-official
Zhou_Yu|Zhou_Gongjin,Pang_Tong|Pang_Shiyuan,1,5,mm,official-official
Zhou_Yu|Zhou_Gongjin,Su_Shi|Su_Dongpo,1,2,mm,official-official
Zhou_Yu|Zhou_Gongjin,Sun_Quan|Sun_Zhongmou,1,63,mm,official-monarch
Zhou_Yu|Zhou_Gongjin,Taishi_Ci|Taishi_Ziyi,1,2,mm,official-official
Zhou_Yu|Zhou_Gongjin,Xie_Xuan|Xie_Youdu,1,1,mm,official-official
Zhou_Yu|Zhou_Gongjin,Yan_Baihu,1,4,mm,other
Zhou_Yu|Zhou_Gongjin,Younger_Lady_Qiao_(Three_Kingdoms),1,17,fm,other
Zhou_Yu|Zhou_Gongjin,Yuan_Shao|Yuan_Benchu,1,1,mm,official-official
Zhou_Yu|Zhou_Gongjin,Yuan_Shu|Yuan_Gonglu,1,1,mm,official-monarch
Zhou_Yu|Zhou_Gongjin,Zhao_Yun|Zhao_Zilong,1,5,mm,official-official
Zhu_Shuzhen,Li_Qingzhao,1,17,ff,other
Zhuge_Jin|Zhuge_Ziyu,Zhang_Cheng|Zhang_Zhongsi,1,1,mm,official-official
Zhuge_Liang|Zhuge_Kongming,Emperor_Taizong_of_Tang|Li_Shimin,1,1,mm,official-monarch
Zhuge_Liang|Zhuge_Kongming,Fa_Zheng|Fa_Xiaozhi,1,3,mm,official-official
Zhuge_Liang|Zhuge_Kongming,Guan_Xing|Guan_Anguo,2,1,mm,official-official
Zhuge_Liang|Zhuge_Kongming,Guan_Yu|Guan_Yunchang,1,1,mm,official-official
Zhuge_Liang|Zhuge_Kongming,Huang_Yueying,1,6,fm,other
Zhuge_Liang|Zhuge_Kongming,Jiang_Wan|Jiang_Gongyan,1,1,mm,official-official
Zhuge_Liang|Zhuge_Kongming,Liu_Feng_(192-220_CE),1,2,mm,official-official
Zhuge_Liang|Zhuge_Kongming,Liu_Qi_(-209_CE),1,1,mm,official-official
Zhuge_Liang|Zhuge_Kongming,Liu_Shan|Liu_Gongsi,1,15,mm,official-monarch
Zhuge_Liang|Zhuge_Kongming,Lu_Kang|Lu_Youjie,1,1,mm,official-official
Zhuge_Liang|Zhuge_Kongming,Ma_Su|Ma_Youchang,1,7,mm,official-official
Zhuge_Liang|Zhuge_Kongming,Wei_Yan|Wei_Wenchang,1,11,mm,official-official
Zhuge_Liang|Zhuge_Kongming,Zhang_Jue_(-184_CE),1,1,mm,other
Zhuge_Liang|Zhuge_Kongming,Zhong_Hui|Zhong_Shiji,1,1,mm,official-official
Zhuge_Liang|Zhuge_Kongming,Zhuge_Jin|Zhuge_Ziyu,1,1,mm,official-official
