id,Gender(Female=1),Era,Dynasty_English,Max_Official_Rank_Level_EN,Power_Type_EN,Highest_Degree_EN,Cultural_Status_EN,Family_Role_to_Monarch_EN
Crown_Prince_of_Tang|Li_Hongji_(-959_CE),0,divided,Five_Dynasties_and_Ten_Kingdoms_Period,Prince,Administration,None,Not_Significant,Imperial_Clan
Elder_Lady_Zhou_of_Tang|Zhou_E_huang,1,divided,Five_Dynasties_and_Ten_Kingdoms_Period,None,None,None,Renowned,Consort_Kin
Emperor_Gaozu_of_Han|Liu_Zhiyuan,0,divided,Five_Dynasties_and_Ten_Kingdoms_Period,Monarch,Monarch,None,Not_Significant,Imperial_Clan
Emperor_Gaozu_of_Jin|Shi_Jingtang,0,divided,Five_Dynasties_and_Ten_Kingdoms_Period,Monarch,Monarch,None,Not_Significant,Imperial_Clan
Emperor_Liezu_of_Tang|Li_Bian,0,divided,Five_Dynasties_and_Ten_Kingdoms_Period,Monarch,Monarch,None,Not_Significant,Imperial_Clan
Emperor_Mingzong_of_Tang|Li_Dan,0,divided,Five_Dynasties_and_Ten_Kingdoms_Period,Monarch,Monarch,None,Not_Significant,Imperial_Clan
Emperor_Rui_of_Wu|Yang_Pu,0,divided,Five_Dynasties_and_Ten_Kingdoms_Period,Monarch,Monarch,None,Not_Significant,Imperial_Clan
Emperor_Shizong_of_Zhou|Chai_Rong,0,divided,Five_Dynasties_and_Ten_Kingdoms_Period,Monarch,Monarch,None,Not_Significant,Imperial_Clan
Emperor_Taizu_of_Zhou|Guo_Wei,0,divided,Five_Dynasties_and_Ten_Kingdoms_Period,Monarch,Monarch,None,Not_Significant,Imperial_Clan
Emperor_Zhuangzong_of_Tang|Li_Cunxu,0,divided,Five_Dynasties_and_Ten_Kingdoms_Period,Monarch,Monarch,None,Has_Works,Imperial_Clan
Empress_Fu_of_Zhou_(931-956_CE),1,divided,Five_Dynasties_and_Ten_Kingdoms_Period,None,None,None,Not_Significant,Consort_Kin
Empress_Liu_of_Tang|Liu_Yuniang,1,divided,Five_Dynasties_and_Ten_Kingdoms_Period,None,None,None,Not_Significant,Consort_Kin
Empress_Xia_of_Tang_(-924_CE),1,divided,Five_Dynasties_and_Ten_Kingdoms_Period,None,None,None,Not_Significant,Consort_Kin
Feng_Yansi,0,divided,Five_Dynasties_and_Ten_Kingdoms_Period,Official,Administration,None,Renowned,No_Direct_Relation
Han_Lingkun,0,divided,Five_Dynasties_and_Ten_Kingdoms_Period,Official,Military,None,Not_Significant,No_Direct_Relation
King_Zhongyi_of_Wuyue|Qian_Chu,0,divided,Five_Dynasties_and_Ten_Kingdoms_Period,Monarch,Monarch,None,Has_Works,Imperial_Clan
Last_Emperor_of_Shu|Meng_Chang,0,divided,Five_Dynasties_and_Ten_Kingdoms_Period,Monarch,Monarch,None,Has_Works,Imperial_Clan
Last_Lord_of_Tang|Li_Yu,0,divided,Five_Dynasties_and_Ten_Kingdoms_Period,Monarch,Monarch,None,Renowned,Imperial_Clan
Li_Chongjin,0,divided,Five_Dynasties_and_Ten_Kingdoms_Period,Official,Military,None,Not_Significant,No_Direct_Relation
Wang_Pu|Wang_Wenbo,0,divided,Five_Dynasties_and_Ten_Kingdoms_Period,Official,Administration,Jinshi,Has_Works,No_Direct_Relation
Wang_Shenqi,0,divided,Five_Dynasties_and_Ten_Kingdoms_Period,Official,Administration,None,Not_Significant,No_Direct_Relation
Younger_Lady_Zhou_of_Tang_(950-978_CE),1,divided,Five_Dynasties_and_Ten_Kingdoms_Period,None,None,None,Not_Significant,Consort_Kin
Yuan_Xingqin,0,divided,Five_Dynasties_and_Ten_Kingdoms_Period,Official,Military,None,Not_Significant,No_Direct_Relation
Chen_Yuankang,0,divided,Northern_and_Southern_Dynasties,Official,Administration,None,Not_Significant,No_Direct_Relation
Consort_Zhang_of_Qin_(-385_CE),0,divided,Northern_and_Southern_Dynasties,None,None,None,Not_Significant,Consort_Kin
Deng_Qiang_(Sixteen_Kingdoms),0,divided,Northern_and_Southern_Dynasties,Official,Military,None,Not_Significant,No_Direct_Relation
Duke_Pingyuan_of_Qin|Fu_Hui,0,divided,Northern_and_Southern_Dynasties,Prince,Administration,None,Not_Significant,Imperial_Clan
Duke_Yangping_of_Qin|Fu_Rong,0,divided,Northern_and_Southern_Dynasties,Prince,Military,None,Not_Significant,Imperial_Clan
Emperor_Aiping_of_Qin|Fu_Pi,0,divided,Northern_and_Southern_Dynasties,Monarch,Monarch,None,Not_Significant,Imperial_Clan
Emperor_Chengwu_of_Yan|Murong_Chui,0,divided,Northern_and_Southern_Dynasties,Monarch,Monarch,None,Not_Significant,Imperial_Clan
Emperor_Daowu_of_Wei|Tuoba_Gui,0,divided,Northern_and_Southern_Dynasties,Monarch,Monarch,None,Not_Significant,Imperial_Clan
Emperor_Gao_of_Qin|Fu_Deng,0,divided,Northern_and_Southern_Dynasties,Monarch,Monarch,None,Not_Significant,Imperial_Clan
Emperor_Huimin_of_Yan|Murong_Bao,0,divided,Northern_and_Southern_Dynasties,Monarch,Monarch,None,Not_Significant,Imperial_Clan
Emperor_Jingzhao_of_Yan|Murong_Jun,0,divided,Northern_and_Southern_Dynasties,Monarch,Monarch,None,Not_Significant,Imperial_Clan
Emperor_Liewen_of_Yan|Murong_Hong,0,divided,Northern_and_Southern_Dynasties,Monarch,Monarch,None,Not_Significant,Imperial_Clan
Emperor_Ming_of_Qi|Xiao_Luan,0,divided,Northern_and_Southern_Dynasties,Monarch,Monarch,None,Not_Significant,Imperial_Clan
Emperor_of_Yan|Murong_Yong,0,divided,Northern_and_Southern_Dynasties,Monarch,Monarch,None,Not_Significant,Imperial_Clan
Emperor_Shenwu_of_Qi|Gao_Huan,0,divided,Northern_and_Southern_Dynasties,Monarch,Monarch,None,Not_Significant,No_Direct_Relation
Emperor_Wei_of_Yan|Murong_Chong,0,divided,Northern_and_Southern_Dynasties,Monarch,Monarch,None,Not_Significant,Imperial_Clan
Emperor_Wenhuan_of_Qin|Yao_Xing,0,divided,Northern_and_Southern_Dynasties,Monarch,Monarch,None,Has_Works,Imperial_Clan
Emperor_Wenxiang_of_Qi|Gao_Cheng,0,divided,Northern_and_Southern_Dynasties,Monarch,Monarch,None,Not_Significant,Imperial_Clan
Emperor_Wenxuan_of_Qi|Gao_Yang,0,divided,Northern_and_Southern_Dynasties,Monarch,Monarch,None,Not_Significant,Imperial_Clan
Emperor_Wu_of_Zhou|Yuwen_Yong,0,divided,Northern_and_Southern_Dynasties,Monarch,Monarch,None,Not_Significant,Imperial_Clan
Emperor_Wuzhao_of_Qin|Yao_Chang,0,divided,Northern_and_Southern_Dynasties,Monarch,Monarch,None,Not_Significant,Imperial_Clan
Emperor_Xianwu_of_Yan|Murong_De,0,divided,Northern_and_Southern_Dynasties,Monarch,Monarch,None,Not_Significant,Imperial_Clan
Emperor_Xiaojing_of_Wei|Yuan_Shanjian,0,divided,Northern_and_Southern_Dynasties,Monarch,Monarch,None,Not_Significant,Imperial_Clan
Emperor_Xiaowen_of_Wei|Tuoba_Hong,0,divided,Northern_and_Southern_Dynasties,Monarch,Monarch,None,Not_Significant,Imperial_Clan
Emperor_Xiaowu_of_Song|Liu_Jun,0,divided,Northern_and_Southern_Dynasties,Monarch,Monarch,None,Has_Works,Imperial_Clan
Emperor_Xiaozhao_of_Qi|Gao_Yan,0,divided,Northern_and_Southern_Dynasties,Monarch,Monarch,None,Not_Significant,Imperial_Clan
Emperor_Xuanzhao_of_Qin|Fu_Jian,0,divided,Northern_and_Southern_Dynasties,Monarch,Monarch,None,Has_Works,Imperial_Clan
Emperor_Yiwu_of_Liang|Lu_Guang,0,divided,Northern_and_Southern_Dynasties,Monarch,Monarch,None,Not_Significant,No_Direct_Relation
Emperor_You_of_Yan|Murong_Wei,0,divided,Northern_and_Southern_Dynasties,Monarch,Monarch,None,Not_Significant,Imperial_Clan
Empress_Dowager_Gou_of_Qin|Wife_of_Fu_Xiong,1,divided,Northern_and_Southern_Dynasties,None,None,None,Not_Significant,Consort_Kin
Empress_Duan_of_Yan|Duan_Yuanfei_(-396_CE),1,divided,Northern_and_Southern_Dynasties,None,None,None,Not_Significant,Consort_Kin
Empress_Yuan_of_Qi|Yuan_Zhonghua,1,divided,Northern_and_Southern_Dynasties,None,None,None,Not_Significant,Consort_Kin
Feng_Dan|Feng_Sizheng,0,divided,Northern_and_Southern_Dynasties,Official,Administration,None,Not_Significant,Consort_Kin
Fu_Luo_(-385_CE),0,divided,Northern_and_Southern_Dynasties,Official,Administration,None,Not_Significant,Imperial_Clan
Fu_Ya_(Sixteen_Kingdoms),0,divided,Northern_and_Southern_Dynasties,Official,None,None,Not_Significant,Imperial_Clan
Gao_Xiaoyu,0,divided,Northern_and_Southern_Dynasties,Prince,None,None,Not_Significant,Imperial_Clan
Han_Yan_(-386_CE),0,divided,Northern_and_Southern_Dynasties,Official,Military,None,Not_Significant,No_Direct_Relation
Liu_Kuren,0,divided,Northern_and_Southern_Dynasties,Official,Administration,None,Not_Significant,No_Direct_Relation
Liu_Yuanjing,0,divided,Northern_and_Southern_Dynasties,Official,Military,None,Not_Significant,No_Direct_Relation
Murong_Lin_(-398_CE),0,divided,Northern_and_Southern_Dynasties,Official,Military,None,Not_Significant,Imperial_Clan
Prince_Ande_of_Qi|Gao_Yanzong,0,divided,Northern_and_Southern_Dynasties,Prince,Military,None,Not_Significant,Imperial_Clan
Prince_Lanling_of_Qi|Gao_Changgong,0,divided,Northern_and_Southern_Dynasties,Prince,Military,None,Not_Significant,Imperial_Clan
Prince_Qinghe_of_Wei|Yuan_Yi,0,divided,Northern_and_Southern_Dynasties,Prince,Administration,None,Not_Significant,Imperial_Clan
Prince_Taiyuan_of_Yan|Murong_Ke,0,divided,Northern_and_Southern_Dynasties,Prince,Military,None,Not_Significant,Imperial_Clan
Prince_Yue_of_Qin|Fu_Sheng,0,divided,Northern_and_Southern_Dynasties,Monarch,Monarch,None,Not_Significant,Imperial_Clan
Wang_Meng|Wang_Jinglue,0,divided,Northern_and_Southern_Dynasties,Official,Administration,None,Has_Works,No_Direct_Relation
Xiao_Ziyun,0,divided,Northern_and_Southern_Dynasties,Official,Education/Culture,None,Renowned,Imperial_Clan
Yang_Ding_(-394_CE),0,divided,Northern_and_Southern_Dynasties,Official,Military,None,Not_Significant,No_Direct_Relation
Yuan_Xi|Yuan_Siyong,0,divided,Northern_and_Southern_Dynasties,Prince,Administration,None,Not_Significant,Imperial_Clan
Zhang_Ci_(Sixteen_Kingdoms),0,divided,Northern_and_Southern_Dynasties,Official,Military,None,Not_Significant,No_Direct_Relation
Bai_Qi|Gongsun_Qi,0,divided,Spring_and_Autumn_and_Warring_States_Period,Official,Military,None,Not_Significant,No_Direct_Relation
Chen_Zhen_(Warring_States),0,divided,Spring_and_Autumn_and_Warring_States_Period,Official,Administration,None,Has_Works,No_Direct_Relation
Confucius|Kong_Qiu,0,divided,Spring_and_Autumn_and_Warring_States_Period,None,Education/Culture,None,Renowned,No_Direct_Relation
Crown_Prince_of_Yan|Ji_Dan,0,divided,Spring_and_Autumn_and_Warring_States_Period,Prince,None,None,Not_Significant,Imperial_Clan
Duanmu_Ci|Duanmu_Zigong,0,divided,Spring_and_Autumn_and_Warring_States_Period,None,None,None,Renowned,No_Direct_Relation
Duke_Xiao_of_Qin|Ying_Quliang,0,divided,Spring_and_Autumn_and_Warring_States_Period,Monarch,Monarch,None,Not_Significant,Imperial_Clan
Fan_Ju|Ji_Shu,0,divided,Spring_and_Autumn_and_Warring_States_Period,Official,Administration,None,Has_Works,No_Direct_Relation
Fan_Li|Fan_Shaobo,0,divided,Spring_and_Autumn_and_Warring_States_Period,Official,Administration,None,Has_Works,No_Direct_Relation
Gan_Jiang_(Spring_and_Autumn),0,divided,Spring_and_Autumn_and_Warring_States_Period,None,None,None,Renowned,No_Direct_Relation
Gao_Jianli,0,divided,Spring_and_Autumn_and_Warring_States_Period,None,None,None,Renowned,No_Direct_Relation
Han_Fei_(280-233_BCE),0,divided,Spring_and_Autumn_and_Warring_States_Period,Official,Administration,None,Renowned,No_Direct_Relation
Jing_Ke_(-227_BCE),0,divided,Spring_and_Autumn_and_Warring_States_Period,None,None,None,Not_Significant,No_Direct_Relation
King_Huai_of_Chu|Mi_Huai,0,divided,Spring_and_Autumn_and_Warring_States_Period,Monarch,Monarch,None,Not_Significant,Imperial_Clan
King_Huiwen_of_Qin|Ying_Si,0,divided,Spring_and_Autumn_and_Warring_States_Period,Monarch,Monarch,None,Not_Significant,Imperial_Clan
King_Huiwen_of_Zhao|Ying_He,0,divided,Spring_and_Autumn_and_Warring_States_Period,Monarch,Monarch,None,Not_Significant,Imperial_Clan
King_of_Han|Ji_An,0,divided,Spring_and_Autumn_and_Warring_States_Period,Official,Military,None,Not_Significant,No_Direct_Relation
King_of_Wu|Fuchai,0,divided,Spring_and_Autumn_and_Warring_States_Period,Monarch,Monarch,None,Not_Significant,Imperial_Clan
King_of_Wu|Ji_Guang|Helu,0,divided,Spring_and_Autumn_and_Warring_States_Period,Monarch,Monarch,None,Not_Significant,Imperial_Clan
King_of_Wu|Ji_Liao,0,divided,Spring_and_Autumn_and_Warring_States_Period,Monarch,Monarch,None,Not_Significant,Imperial_Clan
King_of_Yue|Goujian,0,divided,Spring_and_Autumn_and_Warring_States_Period,Monarch,Monarch,None,Not_Significant,Imperial_Clan
King_of_Yue|Yunchang,0,divided,Spring_and_Autumn_and_Warring_States_Period,Monarch,Monarch,None,Not_Significant,Imperial_Clan
King_Wuling_of_Zhao|Ying_Yong,0,divided,Spring_and_Autumn_and_Warring_States_Period,Monarch,Monarch,None,Not_Significant,Imperial_Clan
King_Zhaoxiang_of_Qin|Ying_Ji,0,divided,Spring_and_Autumn_and_Warring_States_Period,Monarch,Monarch,None,Not_Significant,Imperial_Clan
King_Zhuangxiang_of_Qin|Ying_Yiren,0,divided,Spring_and_Autumn_and_Warring_States_Period,Monarch,Monarch,None,Not_Significant,Imperial_Clan
Lu_Buwei,0,divided,Spring_and_Autumn_and_Warring_States_Period,Official,Administration,None,Renowned,No_Direct_Relation
Prince_of_Qin|Ying_Qian,0,divided,Spring_and_Autumn_and_Warring_States_Period,Prince,Military,None,Not_Significant,Imperial_Clan
Qu_Yuan_(343-278_BCE),0,divided,Spring_and_Autumn_and_Warring_States_Period,Official,Administration,None,Renowned,No_Direct_Relation
Queen_Dowager_Mi_of_Qin|Mi_Yue,1,divided,Spring_and_Autumn_and_Warring_States_Period,None,None,None,Not_Significant,Consort_Kin
Shang_Yang|Ji_Yang,0,divided,Spring_and_Autumn_and_Warring_States_Period,Official,Administration,None,Renowned,No_Direct_Relation
Shen_Baoxu,0,divided,Spring_and_Autumn_and_Warring_States_Period,Official,Administration,None,Not_Significant,No_Direct_Relation
Shi_Yiguang|Xi_Shi,1,divided,Spring_and_Autumn_and_Warring_States_Period,None,None,None,Not_Significant,No_Direct_Relation
Wang_Ben_(Warring_States),0,divided,Spring_and_Autumn_and_Warring_States_Period,Official,Military,None,Not_Significant,No_Direct_Relation
Wei_Ran|Mi_Ran,0,divided,Spring_and_Autumn_and_Warring_States_Period,Official,Administration,None,Not_Significant,Consort_Kin
Wu_Yuan|Wu_Zixu,0,divided,Spring_and_Autumn_and_Warring_States_Period,Official,Administration,None,Has_Works,No_Direct_Relation
Xiang_Shou_(Warring_States),0,divided,Spring_and_Autumn_and_Warring_States_Period,Official,Military,None,Not_Significant,No_Direct_Relation
Yao_Jia_(Warring_States),0,divided,Spring_and_Autumn_and_Warring_States_Period,Official,Administration,None,Not_Significant,No_Direct_Relation
Ying_Hua_(Warring_States),0,divided,Spring_and_Autumn_and_Warring_States_Period,Official,Military,None,Not_Significant,Imperial_Clan
Zhang_Yi_(329-309_BCE),0,divided,Spring_and_Autumn_and_Warring_States_Period,Official,Administration,None,Has_Works,No_Direct_Relation
Zhuangzi|Zhuang_Zhou,0,divided,Spring_and_Autumn_and_Warring_States_Period,None,None,None,Renowned,No_Direct_Relation
Bu_Lianshi,1,divided,Three_Kingdoms_Period,None,None,None,Not_Significant,Consort_Kin
Cao_Ang|Cao_Zixiu,0,divided,Three_Kingdoms_Period,None,None,None,Not_Significant,Imperial_Clan
Cao_Biao|Cao_Zhuhu,0,divided,Three_Kingdoms_Period,Prince,None,None,Not_Significant,Imperial_Clan
Cao_Cao|Cao_Mengde,0,divided,Three_Kingdoms_Period,Monarch,Monarch,None,Renowned,No_Direct_Relation
Cao_Chong|Cao_Cangshu,0,divided,Three_Kingdoms_Period,None,None,None,Has_Works,Imperial_Clan
Cao_Fang|Cao_Lanqing,0,divided,Three_Kingdoms_Period,Monarch,Monarch,None,Not_Significant,Imperial_Clan
Cao_Gan_(215-261_CE),0,divided,Three_Kingdoms_Period,Prince,None,None,Not_Significant,Imperial_Clan
Cao_Hong|Cao_Zilian,0,divided,Three_Kingdoms_Period,Official,Military,None,Not_Significant,Imperial_Clan
Cao_Huan|Cao_Jingming,0,divided,Three_Kingdoms_Period,Monarch,Monarch,None,Not_Significant,Imperial_Clan
Cao_Mao|Cao_Yanshi,0,divided,Three_Kingdoms_Period,Monarch,Monarch,None,Has_Works,Imperial_Clan
Cao_Pi|Cao_Zihuan,0,divided,Three_Kingdoms_Period,Monarch,Monarch,None,Renowned,Imperial_Clan
Cao_Ren|Cao_Zixiao,0,divided,Three_Kingdoms_Period,Official,Military,None,Not_Significant,Imperial_Clan
Cao_Rui|Cao_Yuanzhong,0,divided,Three_Kingdoms_Period,Monarch,Monarch,None,Has_Works,Imperial_Clan
Cao_Shuang|Cao_Zhaobo,0,divided,Three_Kingdoms_Period,Official,Administration,None,Not_Significant,Imperial_Clan
Cao_Zhang|Cao_Ziwen,0,divided,Three_Kingdoms_Period,Official,Military,None,Not_Significant,Imperial_Clan
Cao_Zhen|Cao_Zidan,0,divided,Three_Kingdoms_Period,Official,Military,None,Not_Significant,Imperial_Clan
Cao_Zhi|Cao_Yungong,0,divided,Three_Kingdoms_Period,Official,Administration,None,Has_Works,Imperial_Clan
Cao_Zhi|Cao_Zijian,0,divided,Three_Kingdoms_Period,Prince,Education/Culture,None,Renowned,Imperial_Clan
Chen_Dao|Chen_Shuzhi,0,divided,Three_Kingdoms_Period,Official,Military,None,Not_Significant,No_Direct_Relation
Chen_Deng|Chen_Yuanlong,0,divided,Three_Kingdoms_Period,Official,Administration,None,Has_Works,No_Direct_Relation
Chen_Gong|Chen_Gongtai,0,divided,Three_Kingdoms_Period,Official,Military,None,Not_Significant,No_Direct_Relation
Chen_Qun|Chen_Changwen,0,divided,Three_Kingdoms_Period,Official,Administration,None,Has_Works,No_Direct_Relation
Chen_Tai|Chen_Xuanbo,0,divided,Three_Kingdoms_Period,Official,Administration,None,Not_Significant,No_Direct_Relation
Cheng_Yu|Cheng_Zhongde,0,divided,Three_Kingdoms_Period,Official,Administration,None,Not_Significant,No_Direct_Relation
Deng_Ai|Deng_Shizai,0,divided,Three_Kingdoms_Period,Official,Military,None,Not_Significant,No_Direct_Relation
Dian_Wei_(-197_CE),0,divided,Three_Kingdoms_Period,Official,Military,None,Not_Significant,No_Direct_Relation
Diao_Chan_(Romance_of_the_Three_Kingdoms),1,divided,Three_Kingdoms_Period,None,None,None,Not_Significant,No_Direct_Relation
Ding_Yuan|Ding_Jianyang,0,divided,Three_Kingdoms_Period,Official,Administration,None,Not_Significant,No_Direct_Relation
Dong_Yun|Dong_Xiuzhao,0,divided,Three_Kingdoms_Period,Official,Administration,None,Not_Significant,No_Direct_Relation
Dong_Zhuo|Dong_Zhongying,0,divided,Three_Kingdoms_Period,Official,Administration,None,Not_Significant,No_Direct_Relation
Elder_Lady_Qiao_(Three_Kingdoms),1,divided,Three_Kingdoms_Period,None,None,None,Not_Significant,Consort_Kin
Emperor_Xian_of_Han|Liu_Xie,0,divided,Three_Kingdoms_Period,Monarch,Monarch,None,Not_Significant,Imperial_Clan
Empress_Gao_of_Wei|Wife_of_Yuan_Shanjian,1,divided,Northern_and_Southern_Dynasties,None,None,None,Not_Significant,Consort_Kin
Fa_Zheng|Fa_Xiaozhi,0,divided,Three_Kingdoms_Period,Official,Administration,None,Not_Significant,No_Direct_Relation
Fei_Yi|Fei_Wenwei,0,divided,Three_Kingdoms_Period,Official,Administration,None,Not_Significant,No_Direct_Relation
Fu_Qian_(-263_CE),0,divided,Three_Kingdoms_Period,Official,Education/Culture,None,Renowned,No_Direct_Relation
Gan_Ning|Gan_Xingba,0,divided,Three_Kingdoms_Period,Official,Military,None,Not_Significant,No_Direct_Relation
Gao_Shun_(-199_CE),0,divided,Three_Kingdoms_Period,Official,Military,None,Not_Significant,No_Direct_Relation
Gongsun_Zan|Gongsun_Bogui,0,divided,Three_Kingdoms_Period,Official,Military,None,Not_Significant,No_Direct_Relation
Guan_Suo|Guan_Weizhi,0,divided,Three_Kingdoms_Period,Official,Military,None,Not_Significant,No_Direct_Relation
Guan_Xing|Guan_Anguo,0,divided,Three_Kingdoms_Period,Official,Military,None,Not_Significant,No_Direct_Relation
Guan_Yinping,1,divided,Three_Kingdoms_Period,None,None,None,Not_Significant,No_Direct_Relation
Guan_Yu|Guan_Yunchang,0,divided,Three_Kingdoms_Period,Official,Military,None,Not_Significant,No_Direct_Relation
Guo_Huai|Guo_Boji,0,divided,Three_Kingdoms_Period,Official,Military,None,Not_Significant,No_Direct_Relation
Guo_Jia|Guo_Fengxiao,0,divided,Three_Kingdoms_Period,Official,Military,None,Not_Significant,No_Direct_Relation
Guo_Nuwang,0,divided,Three_Kingdoms_Period,None,None,None,Not_Significant,Consort_Kin
He_Jin|He_Suigao,0,divided,Three_Kingdoms_Period,Official,Military,None,Not_Significant,Consort_Kin
He_Miao|He_Shuda,0,divided,Three_Kingdoms_Period,Official,Military,None,Not_Significant,Consort_Kin
He_Yan|He_Pingshu,0,divided,Three_Kingdoms_Period,Official,Administration,None,Renowned,Consort_Kin
Hua_Tuo|Hua_Yuanhua,0,divided,Three_Kingdoms_Period,None,Education/Culture,None,Renowned,No_Direct_Relation
Huang_Yueying,1,divided,Three_Kingdoms_Period,None,None,None,Not_Significant,No_Direct_Relation
Huangfu_Song|Huangfu_Yizhen,0,divided,Three_Kingdoms_Period,Official,Military,None,Not_Significant,No_Direct_Relation
Jia_Xu|Jia_Wenhe,0,divided,Three_Kingdoms_Period,Official,Administration,None,Not_Significant,No_Direct_Relation
Jiang_Wan|Jiang_Gongyan,0,divided,Three_Kingdoms_Period,Official,Administration,None,Not_Significant,No_Direct_Relation
Jiang_Wei|Jiang_Boyue,0,divided,Three_Kingdoms_Period,Official,Military,None,Has_Works,No_Direct_Relation
Ju_Shou_(-200_CE),0,divided,Three_Kingdoms_Period,Official,Military,None,Not_Significant,No_Direct_Relation
Kong_Gui|Kong_Shulin,0,divided,Three_Kingdoms_Period,Official,Administration,None,Not_Significant,No_Direct_Relation
Lady_Bian|Cao_Cao_s_Wife,1,divided,Three_Kingdoms_Period,None,None,None,Not_Significant,Consort_Kin
Lady_Ding|Cao_Cao_s_Wife,1,divided,Three_Kingdoms_Period,None,None,None,Not_Significant,Consort_Kin
Lady_Liu|Yuan_Shao_s_Wife,1,divided,Three_Kingdoms_Period,None,None,None,Not_Significant,Consort_Kin
Lady_Mao|Cao_Rui_s_Wife,1,divided,Three_Kingdoms_Period,None,None,None,Not_Significant,Consort_Kin
Lady_Sun|Lu_Xun_s_Wife,1,divided,Three_Kingdoms_Period,None,None,None,Not_Significant,Consort_Kin
Lady_Xun|Chen_Qun_s_Wife,1,divided,Three_Kingdoms_Period,None,None,None,Not_Significant,No_Direct_Relation
Li_Dian|Li_Mancheng,0,divided,Three_Kingdoms_Period,Official,Military,None,Not_Significant,No_Direct_Relation
Li_Ru|Li_Wenyou,0,divided,Three_Kingdoms_Period,Official,Administration,None,Not_Significant,No_Direct_Relation
Ling_Tong|Ling_Gongji,0,divided,Three_Kingdoms_Period,Official,Military,None,Not_Significant,No_Direct_Relation
Liu_Bei|Liu_Xuande,0,divided,Three_Kingdoms_Period,Monarch,Monarch,None,Not_Significant,Imperial_Clan
Liu_Biao|Liu_Jingsheng,0,divided,Three_Kingdoms_Period,Official,Administration,None,Has_Works,Imperial_Clan
Liu_Feng_(192-220_CE),0,divided,Three_Kingdoms_Period,Official,Military,None,Not_Significant,Imperial_Clan
Liu_Qi_(-209_CE),0,divided,Three_Kingdoms_Period,Official,Administration,None,Not_Significant,Imperial_Clan
Liu_Shan|Liu_Gongsi,0,divided,Three_Kingdoms_Period,Monarch,Monarch,None,Not_Significant,Imperial_Clan
Liu_Yan|Liu_Junlang,0,divided,Three_Kingdoms_Period,Official,Administration,None,Not_Significant,No_Direct_Relation
Liu_Yu|Liu_Bo_an,0,divided,Three_Kingdoms_Period,Official,Administration,None,Not_Significant,Imperial_Clan
Liu_Zhang|Liu_Jiyu,0,divided,Three_Kingdoms_Period,Monarch,Monarch,None,Not_Significant,Imperial_Clan
Lu_Bu|Lu_Fengxian,0,divided,Three_Kingdoms_Period,Official,Military,None,Not_Significant,No_Direct_Relation
Lu_Fan|Lu_Ziheng,0,divided,Three_Kingdoms_Period,Official,Military,None,Not_Significant,No_Direct_Relation
Lu_Kang|Lu_Youjie,0,divided,Three_Kingdoms_Period,Official,Military,None,Not_Significant,No_Direct_Relation
Lu_Lingqi,1,divided,Three_Kingdoms_Period,None,None,None,Not_Significant,No_Direct_Relation
Lu_Meng|Lu_Ziming,0,divided,Three_Kingdoms_Period,Official,Military,None,Not_Significant,No_Direct_Relation
Lu_Su|Lu_Zijing,0,divided,Three_Kingdoms_Period,Official,Military,None,Not_Significant,No_Direct_Relation
Lu_Xun|Lu_Boyan,0,divided,Three_Kingdoms_Period,Official,Administration,None,Not_Significant,Consort_Kin
Ma_Chao|Ma_Mengqi,0,divided,Three_Kingdoms_Period,Official,Military,None,Not_Significant,No_Direct_Relation
Ma_Dai_(183-_CE),0,divided,Three_Kingdoms_Period,Official,Military,None,Not_Significant,No_Direct_Relation
Ma_Su|Ma_Youchang,0,divided,Three_Kingdoms_Period,Official,Military,None,Not_Significant,No_Direct_Relation
Mi_Zhu|Mi_Zizhong,0,divided,Three_Kingdoms_Period,Official,Administration,None,Not_Significant,No_Direct_Relation
Pan_Zhang|Pan_Wengui,0,divided,Three_Kingdoms_Period,Official,Military,None,Not_Significant,No_Direct_Relation
Pang_Ji|Pang_Yuantu,0,divided,Three_Kingdoms_Period,Official,Military,None,Not_Significant,No_Direct_Relation
Pang_Tong|Pang_Shiyuan,0,divided,Three_Kingdoms_Period,Official,Military,None,Not_Significant,No_Direct_Relation
Shen_Pei|Shen_Zhengnan,0,divided,Three_Kingdoms_Period,Official,Military,None,Not_Significant,No_Direct_Relation
Sima_Lang|Sima_Boda,0,divided,Three_Kingdoms_Period,Official,Administration,None,Not_Significant,No_Direct_Relation
Sima_Shi|Sima_Ziyuan,0,divided,Three_Kingdoms_Period,Official,Administration,None,Not_Significant,Imperial_Clan
Sima_Yi|Sima_Zhongda,0,divided,Three_Kingdoms_Period,Official,Administration,None,Has_Works,No_Direct_Relation
Sima_Zhao|Sima_Zishang,0,divided,Three_Kingdoms_Period,Official,Administration,None,Has_Works,Imperial_Clan
Sun_Ba|Sun_Ziwei,0,divided,Three_Kingdoms_Period,Prince,None,None,Not_Significant,Imperial_Clan
Sun_Ce|Sun_Bofu,0,divided,Three_Kingdoms_Period,Monarch,Monarch,None,Not_Significant,Imperial_Clan
Sun_Deng|Sun_Zigao,0,divided,Three_Kingdoms_Period,Prince,Administration,None,Not_Significant,Imperial_Clan
Sun_Hao|Sun_Yuanzong,0,divided,Three_Kingdoms_Period,Monarch,Monarch,None,Has_Works,Imperial_Clan
Sun_He|Sun_Zixiao,0,divided,Three_Kingdoms_Period,Prince,Administration,None,Not_Significant,Imperial_Clan
Sun_Jian|Sun_Wentai,0,divided,Three_Kingdoms_Period,Official,Military,None,Not_Significant,No_Direct_Relation
Sun_Luban,1,divided,Three_Kingdoms_Period,None,None,None,Not_Significant,Imperial_Clan
Sun_Quan|Sun_Zhongmou,0,divided,Three_Kingdoms_Period,Monarch,Monarch,None,Not_Significant,Imperial_Clan
Sun_Shangxiang_(Three_Kingdoms),1,divided,Three_Kingdoms_Period,None,None,None,Renowned,No_Direct_Relation
Sun_Xiu|Sun_Zilie,0,divided,Three_Kingdoms_Period,Monarch,Monarch,None,Not_Significant,Imperial_Clan
Taishi_Ci|Taishi_Ziyi,0,divided,Three_Kingdoms_Period,Official,Military,None,Not_Significant,No_Direct_Relation
Wang_Su|Wang_Gongyi,0,divided,Northern_and_Southern_Dynasties,Official,Administration,None,Has_Works,No_Direct_Relation
Wang_Yi_(Three_Kingdoms),1,divided,Three_Kingdoms_Period,None,None,None,Not_Significant,No_Direct_Relation
Wang_Yun|Wang_Yuankui,0,divided,Three_Kingdoms_Period,Official,Administration,None,Not_Significant,No_Direct_Relation
Wei_Guan|Wei_Boyu,0,divided,Three_Kingdoms_Period,Official,Administration,None,Has_Works,No_Direct_Relation
Wei_Yan|Wei_Wenchang,0,divided,Three_Kingdoms_Period,Official,Military,None,Not_Significant,No_Direct_Relation
Wen_Chou_(Three_Kingdoms),0,divided,Three_Kingdoms_Period,Official,Military,None,Not_Significant,No_Direct_Relation
Wu_Yan|Wu_Shize,0,divided,Three_Kingdoms_Period,Official,Administration,None,Not_Significant,No_Direct_Relation
Wu_Zhi|Wu_Jichong,0,divided,Three_Kingdoms_Period,Official,Administration,None,Has_Works,No_Direct_Relation
Xi_Zhicai,0,divided,Three_Kingdoms_Period,Official,Administration,None,Has_Works,No_Direct_Relation
Xiahou_Ba|Xiahou_Zhongquan,0,divided,Three_Kingdoms_Period,Official,Military,None,Not_Significant,No_Direct_Relation
Xiahou_Dun|Xiahou_Yuanrang,0,divided,Three_Kingdoms_Period,Official,Military,None,Not_Significant,No_Direct_Relation
Xiahou_Hui|Xiahou_Yuanrong,1,divided,Three_Kingdoms_Period,None,None,None,Not_Significant,Consort_Kin
Xiahou_Xuan|Xiahou_Taichu,0,divided,Three_Kingdoms_Period,Official,Administration,None,Has_Works,No_Direct_Relation
Xiahou_Yuan|Xiahou_Miaocai,0,divided,Three_Kingdoms_Period,Official,Military,None,Not_Significant,No_Direct_Relation
Xu_Chu|Xu_Zhongkang,0,divided,Three_Kingdoms_Period,Official,Military,None,Not_Significant,No_Direct_Relation
Xu_Shu|Xu_Yuanzhi,0,divided,Three_Kingdoms_Period,Official,Military,None,Not_Significant,No_Direct_Relation
Xu_You|Xu_Ziyuan,0,divided,Three_Kingdoms_Period,Official,Military,None,Not_Significant,No_Direct_Relation
Xun_Chen|Xun_Youruo,0,divided,Three_Kingdoms_Period,Official,Administration,None,Not_Significant,No_Direct_Relation
Xun_You|Xun_Gongda,0,divided,Three_Kingdoms_Period,Official,Administration,None,Not_Significant,No_Direct_Relation
Xun_Yu|Xun_Wenruo,0,divided,Three_Kingdoms_Period,Official,Administration,None,Has_Works,No_Direct_Relation
Xun_Yun|Xun_Changqian,0,divided,Three_Kingdoms_Period,Official,Administration,None,Not_Significant,No_Direct_Relation
Yan_Baihu,0,divided,Three_Kingdoms_Period,None,None,None,Not_Significant,No_Direct_Relation
Yan_Liang_(Three_Kingdoms),0,divided,Three_Kingdoms_Period,Official,Military,None,Not_Significant,No_Direct_Relation
Yang_Xiu|Yang_Dezu,0,divided,Three_Kingdoms_Period,Official,Administration,None,Has_Works,No_Direct_Relation
Yang_Xiu|Yang_Zhishu,0,divided,Three_Kingdoms_Period,Official,Administration,None,Not_Significant,Consort_Kin
Yang_Yi|Yang_Weigong,0,divided,Three_Kingdoms_Period,Official,Military,None,Not_Significant,No_Direct_Relation
Younger_Lady_Qiao_(Three_Kingdoms),1,divided,Three_Kingdoms_Period,None,None,None,Not_Significant,Consort_Kin
Yu_Fan|Yu_Zhongxiang,0,divided,Three_Kingdoms_Period,Official,Administration,None,Has_Works,No_Direct_Relation
Yu_Jin|Yu_Wenze,0,divided,Three_Kingdoms_Period,Official,Military,None,Not_Significant,No_Direct_Relation
Yuan_Shao|Yuan_Benchu,0,divided,Three_Kingdoms_Period,Official,Military,None,Not_Significant,No_Direct_Relation
Yuan_Shu|Yuan_Gonglu,0,divided,Three_Kingdoms_Period,Monarch,Monarch,None,Not_Significant,No_Direct_Relation
Yuan_Tan|Yuan_Xiansi,0,divided,Three_Kingdoms_Period,Official,Administration,None,Not_Significant,No_Direct_Relation
Yuan_Xi|Yuan_Xianyi,0,divided,Three_Kingdoms_Period,Official,Administration,None,Not_Significant,No_Direct_Relation
Yue_Jin|Yue_Wenqian,0,divided,Three_Kingdoms_Period,Official,Military,None,Not_Significant,No_Direct_Relation
Zhang_Cheng|Zhang_Zhongsi,0,divided,Three_Kingdoms_Period,Official,Administration,None,Has_Works,No_Direct_Relation
Zhang_Chunhua,1,divided,Three_Kingdoms_Period,None,None,None,Not_Significant,Consort_Kin
Zhang_Fei|Zhang_Yide,0,divided,Three_Kingdoms_Period,Official,Military,None,Has_Works,No_Direct_Relation
Zhang_He|Zhang_Junyi,0,divided,Three_Kingdoms_Period,Official,Military,None,Not_Significant,No_Direct_Relation
Zhang_Jue_(-184_CE),0,divided,Three_Kingdoms_Period,None,None,None,Not_Significant,No_Direct_Relation
Zhang_Liao|Zhang_Wenyuan,0,divided,Three_Kingdoms_Period,Official,Military,None,Not_Significant,No_Direct_Relation
Zhang_Ni|Zhang_Boqi,0,divided,Three_Kingdoms_Period,Official,Administration,None,Not_Significant,No_Direct_Relation
Zhang_Xiu_(-207_CE),0,divided,Three_Kingdoms_Period,Official,Military,None,Not_Significant,No_Direct_Relation
Zhang_Yi|Zhang_Bogong,0,divided,Three_Kingdoms_Period,Official,Military,None,Not_Significant,No_Direct_Relation
Zhang_Zhao|Zhang_Zibu,0,divided,Three_Kingdoms_Period,Official,Administration,None,Has_Works,No_Direct_Relation
Zhao_Yun|Zhao_Zilong,0,divided,Three_Kingdoms_Period,Official,Military,None,Not_Significant,No_Direct_Relation
Zhen_Ji_(183-221_CE),1,divided,Three_Kingdoms_Period,None,None,None,Not_Significant,Consort_Kin
Zhong_Hui|Zhong_Shiji,0,divided,Three_Kingdoms_Period,Official,Military,None,Has_Works,No_Direct_Relation
Zhong_Yao|Zhong_Yuanchang,0,divided,Three_Kingdoms_Period,Official,Administration,None,Renowned,No_Direct_Relation
Zhou_Tai|Zhou_Youping,0,divided,Three_Kingdoms_Period,Official,Military,None,Not_Significant,No_Direct_Relation
Zhou_Yu|Zhou_Gongjin,0,divided,Three_Kingdoms_Period,Official,Military,None,Has_Works,Consort_Kin
Zhu_Ran|Zhu_Yifeng,0,divided,Three_Kingdoms_Period,Official,Military,None,Not_Significant,No_Direct_Relation
Zhu_Shuo|Zhu_Yancai,0,divided,Three_Kingdoms_Period,Official,Administration,None,Not_Significant,No_Direct_Relation
Zhuge_Dan|Zhuge_Gongxiu,0,divided,Three_Kingdoms_Period,Official,Military,None,Not_Significant,No_Direct_Relation
Zhuge_Jin|Zhuge_Ziyu,0,divided,Three_Kingdoms_Period,Official,Military,None,Not_Significant,No_Direct_Relation
Zhuge_Liang|Zhuge_Kongming,0,divided,Three_Kingdoms_Period,Official,Administration,None,Renowned,No_Direct_Relation
Zhuge_Zhan|Zhuge_Siyuan,0,divided,Three_Kingdoms_Period,Official,Military,None,Not_Significant,No_Direct_Relation
Liu_Laozhi,0,other,Jin_Dynasty,Official,Military,None,Not_Significant,No_Direct_Relation
Liu_Weichen,0,other,Northern_and_Southern_Dynasties,Official,Administration,None,Not_Significant,No_Direct_Relation
Lu_Yun|Lu_Shilong,0,other,Jin_Dynasty,Official,Administration,None,Renowned,No_Direct_Relation
Shi_Bao|Shi_Zhongrong,0,other,Three_Kingdoms_Period,Official,Military,None,Not_Significant,No_Direct_Relation
Sima_You|Sima_Dayou,0,other,Three_Kingdoms_Period,Prince,Administration,None,Not_Significant,Imperial_Clan
Xie_Shang|Xie_Renzu,0,other,Jin_Dynasty,Official,Administration,None,Renowned,No_Direct_Relation
Wanyan_Chang,0,other,Jin_(Jin),Official,Military,None,Not_Significant,Imperial_Clan
Wanyan_Zongbi,0,other,Jin_(Jin),Official,Military,None,Not_Significant,Imperial_Clan
Wanyan_Zongwang,0,other,Jin_(Jin),Official,Military,None,Not_Significant,Imperial_Clan
Yuan_Haowen,0,other,Jin_(Jin),Official,Education/Culture,None,Renowned,No_Direct_Relation
Chen_Shou|Chen_Chengzuo,0,other,Jin_Dynasty,Official,Education/Culture,None,Renowned,No_Direct_Relation
Du_Yu|Du_Yuankai,0,other,Jin_Dynasty,Official,Military,None,Has_Works,No_Direct_Relation
Huan_Wen|Huan_Yuanzi,0,other,Jin_Dynasty,Official,Military,None,Has_Works,No_Direct_Relation
Huan_Yi|Huan_Ziye,0,other,Jin_Dynasty,Official,Administration,None,Not_Significant,No_Direct_Relation
Ji_Kang|Ji_Shuye,0,other,Jin_Dynasty,Official,Education/Culture,None,Renowned,No_Direct_Relation
Ji_Shao|Ji_Yanzu,0,other,Jin_Dynasty,Official,Administration,None,Has_Works,No_Direct_Relation
Jia_Chong|Jia_Gonglu,0,other,Jin_Dynasty,Official,Administration,None,Has_Works,No_Direct_Relation
Lady_Liu|Xie_An_s_Wife,1,other,Jin_Dynasty,None,None,None,Not_Significant,No_Direct_Relation
Lu_Ji|Lu_Shiheng,0,other,Jin_Dynasty,Official,Administration,None,Not_Significant,No_Direct_Relation
Princess_Qinghe_of_Yan_(357_CE-),1,other,Jin_Dynasty,None,None,None,Not_Significant,Imperial_Clan
Quan_Yi|Quan_Ziliang,0,other,Jin_Dynasty,Official,Administration,None,Not_Significant,No_Direct_Relation
Ruan_Ji|Ruan_Sizong,0,other,Jin_Dynasty,Official,Education/Culture,None,Renowned,No_Direct_Relation
Sima_Fu|Sima_Shuda,0,other,Jin_Dynasty,Official,Administration,None,Not_Significant,Imperial_Clan
Sima_Gan|Sima_Ziliang,0,other,Jin_Dynasty,Prince,None,None,Not_Significant,Imperial_Clan
Sima_Jiong|Sima_Jingzhi,0,other,Jin_Dynasty,Prince,Military,None,Not_Significant,Imperial_Clan
Sima_Yan|Sima_Anshi,0,other,Jin_Dynasty,Monarch,Monarch,None,Not_Significant,Imperial_Clan
Sima_Yi|Sima_Shidu,0,other,Jin_Dynasty,Prince,Military,None,Not_Significant,Imperial_Clan
Tao_Yuanming,0,other,Jin_Dynasty,Official,Administration,Jinshi,Has_Works,No_Direct_Relation
Wang_Yuanji,1,other,Jin_Dynasty,None,None,None,Not_Significant,Consort_Kin
Xi_Chao|Xi_Jingxing,0,other,Jin_Dynasty,Official,Military,None,Has_Works,No_Direct_Relation
Xiang_Xiong|Xiang_Maobo,0,other,Jin_Dynasty,Official,Administration,None,Not_Significant,No_Direct_Relation
Xie_An|Xie_Anshi,0,other,Jin_Dynasty,Official,Administration,None,Renowned,No_Direct_Relation
Xie_Daoyun,1,other,Jin_Dynasty,None,None,None,Renowned,No_Direct_Relation
Xie_Xuan|Xie_Youdu,0,other,Jin_Dynasty,Official,Military,None,Has_Works,No_Direct_Relation
Xie_Yi|Xie_Wuyi,0,other,Jin_Dynasty,Official,Administration,None,Not_Significant,No_Direct_Relation
Xun_Xu|Xun_Gongzeng,0,other,Jin_Dynasty,Official,Administration,None,Has_Works,No_Direct_Relation
Yang_Hu|Yang_Shuzi,0,other,Jin_Dynasty,Official,Administration,None,Renowned,Consort_Kin
Yang_Huiyu,1,other,Jin_Dynasty,None,None,None,Not_Significant,Consort_Kin
Yao_Xiang|Yao_Jingguo,0,other,Northern_and_Southern_Dynasties,Official,Military,None,Not_Significant,No_Direct_Relation
Emperor_Shengzong_of_Liao|Yelu_Longxu,0,other,Liao,Monarch,Monarch,None,Has_Works,Imperial_Clan
Emperor_Taizong_of_Liao|Yelu_Deguang,0,other,Liao,Monarch,Monarch,None,Not_Significant,Imperial_Clan
Emperor_Xingzong_of_Liao|Yelu_Zongzhen,0,other,Liao,Monarch,Monarch,None,Not_Significant,Imperial_Clan
Prince_of_Liao|Yelu_Zongyuan,0,other,Liao,Prince,Military,None,Not_Significant,Imperial_Clan
Yelu_Xiuge,0,other,Liao,Official,Military,None,Not_Significant,Imperial_Clan
Li_Mi|Li_Lingbo,0,other,Jin_Dynasty,Official,Administration,None,Has_Works,No_Direct_Relation
Bo_Yikao,0,other,Shang,None,None,None,Not_Significant,Imperial_Clan
King_Zhou_of_Shang|Zi_Shou|Dixin,0,other,Shang,Monarch,Monarch,None,Not_Significant,Imperial_Clan
Cai_Yan|Cai_Wenji,1,unified,Han,None,None,None,Renowned,No_Direct_Relation
Cai_Yong|Cai_Bojie,0,unified,Han,Official,Administration,None,Renowned,No_Direct_Relation
Cao_Xiang_(-115_BCE),0,unified,Han,Prince,Military,None,Not_Significant,Consort_Kin
Chen_Ping_(-178_BCE),0,unified,Han,Official,Administration,None,Has_Works,No_Direct_Relation
Crown_Prince_of_Han|Liu_Ju,0,unified,Han,Prince,Administration,None,Not_Significant,Imperial_Clan
Emperor_Gaozu_of_Han|Liu_Bang,0,unified,Han,Monarch,Monarch,None,Not_Significant,Imperial_Clan
Emperor_Ling_of_Han|Liu_Hong,0,unified,Han,Monarch,Monarch,None,Not_Significant,Imperial_Clan
Emperor_Shao_of_Han|Liu_Bian,0,unified,Han,Monarch,Monarch,None,Not_Significant,Imperial_Clan
Emperor_Wu_of_Han|Liu_Che,0,unified,Han,Monarch,Monarch,None,Not_Significant,Imperial_Clan
Emperor_Xuan_of_Han|Liu_Xun,0,unified,Han,Monarch,Monarch,None,Not_Significant,Imperial_Clan
Emperor_Zhao_of_Han|Liu_Fuling,0,unified,Han,Monarch,Monarch,None,Not_Significant,Imperial_Clan
Empress_Cao_of_Han|Cao_Jie,1,unified,Han,None,None,None,Has_Works,Consort_Kin
Empress_Chen_of_Han|Chen_Ajiao,1,unified,Han,None,None,None,Not_Significant,Consort_Kin
Empress_Dowager_Lu_of_Han|Lu_Zhi,1,unified,Han,None,Administration,None,Not_Significant,Consort_Kin
Empress_Wei_of_Han|Wei_Zifu,1,unified,Han,None,None,None,Not_Significant,Consort_Kin
Gongsun_Ao,0,unified,Han,Official,Military,None,Not_Significant,No_Direct_Relation
Guo_Jie|Guo_Wengbo,0,unified,Han,None,None,None,Not_Significant,No_Direct_Relation
Han_Xin_(230-196_BCE),0,unified,Han,Official,Military,None,Not_Significant,No_Direct_Relation
Han_Yan|Han_Wangsun,0,unified,Han,Official,Administration,None,Not_Significant,Consort_Kin
Han_Yue_(-91_BCE),0,unified,Han,Official,Administration,None,Not_Significant,No_Direct_Relation
Huo_Guang|Huo_Zimeng,0,unified,Han,Official,Administration,None,Not_Significant,Consort_Kin
Huo_Qubing,0,unified,Han,Official,Military,None,Not_Significant,Consort_Kin
Huo_Xian_(-66_BCE),1,unified,Han,None,None,None,Not_Significant,Consort_Kin
Jin_Midi,0,unified,Han,Official,Military,None,Not_Significant,No_Direct_Relation
Lady_Li|Han,1,unified,Han,None,None,None,Not_Significant,Consort_Kin
Prince_Linjiang_of_Han|Liu_Rong,0,unified,Han,Prince,None,None,Not_Significant,Imperial_Clan
Princess_Yangxin_of_Han,1,unified,Han,None,None,None,Not_Significant,Imperial_Clan
Ren_Shaoqing,0,unified,Han,Official,Administration,None,Not_Significant,No_Direct_Relation
Sang_Hongyang,0,unified,Han,Official,Administration,None,Has_Works,No_Direct_Relation
Sima_Qian,0,unified,Han,Official,Education/Culture,None,Renowned,No_Direct_Relation
Su_Jian_(Han_Dynasty),0,unified,Han,Official,Military,None,Not_Significant,No_Direct_Relation
Tian_Ren_(-91_BCE),0,unified,Han,Official,Administration,None,Not_Significant,No_Direct_Relation
Wei_Qing|Wei_Zhongqing,0,unified,Han,Official,Military,None,Not_Significant,Consort_Kin
Xiao_He_(-193_BCE),0,unified,Han,Official,Administration,None,Has_Works,No_Direct_Relation
Yuan_Wei|Yuan_Ciyang,0,unified,Han,Official,Administration,None,Not_Significant,No_Direct_Relation
Zhang_Qian|Zhang_Ziwen,0,unified,Han,Official,Military,None,Not_Significant,No_Direct_Relation
Zhang_Tang_(-115_BCE),0,unified,Han,Official,Supervision,None,Has_Works,No_Direct_Relation
Zhao_Ponu,0,unified,Han,Official,Military,None,Not_Significant,No_Direct_Relation
Zhufu_Yan,0,unified,Han,Official,Administration,None,Has_Works,No_Direct_Relation
Chen_Chun|Chen_Daofu,0,unified,Ming,Official,Education/Culture,None,Renowned,No_Direct_Relation
Crown_Prince_of_Ming|Zhu_Biao,0,unified,Ming,Prince,Administration,None,Not_Significant,Imperial_Clan
Crown_Prince_of_Ming|Zhu_Cilang,0,unified,Ming,Prince,Administration,None,Not_Significant,Imperial_Clan
Dao_Yan|Yao_Guangxiao,0,unified,Ming,Official,Administration,None,Has_Works,No_Direct_Relation
Emperor_Chengzu_of_Ming|Zhu_Di,0,unified,Ming,Monarch,Monarch,None,Has_Works,Imperial_Clan
Emperor_Daizong_of_Ming|Zhu_Qiyu,0,unified,Ming,Monarch,Monarch,None,Not_Significant,Imperial_Clan
Emperor_Huizong_of_Ming|Zhu_Yunwen,0,unified,Ming,Monarch,Monarch,None,Not_Significant,Imperial_Clan
Emperor_Muzong_of_Ming|Zhu_Zaiji,0,unified,Ming,Monarch,Monarch,None,Not_Significant,Imperial_Clan
Emperor_Shenzong_of_Ming|Zhu_Yijun,0,unified,Ming,Monarch,Monarch,None,Not_Significant,Imperial_Clan
Emperor_Shizong_of_Ming|Zhu_Houcong,0,unified,Ming,Monarch,Monarch,None,Has_Works,Imperial_Clan
Emperor_Taizu_of_Ming|Zhu_Yuanzhang,0,unified,Ming,Monarch,Monarch,None,Has_Works,Imperial_Clan
Emperor_Wuzong_of_Ming|Zhu_Houzhao,0,unified,Ming,Monarch,Monarch,None,Not_Significant,Imperial_Clan
Emperor_Yingzong_of_Ming|Zhu_Qizhen,0,unified,Ming,Monarch,Monarch,None,Not_Significant,Imperial_Clan
Empress_Ma_of_Ming|Ma_Xiuying,1,unified,Ming,None,None,None,Not_Significant,Consort_Kin
Empress_Xu_of_Ming|Xu_Miaoyun,1,unified,Ming,None,None,None,Not_Significant,Consort_Kin
Feng_Menglong,0,unified,Ming,Official,Administration,error,Renowned,No_Direct_Relation
Gao_Gong|Gao_Suqing,0,unified,Ming,Official,Administration,Jinshi,Has_Works,No_Direct_Relation
Hai_Rui|Hai_Ruxian,0,unified,Ming,Official,Supervision,Juren,Has_Works,No_Direct_Relation
Hu_Zongxian,0,unified,Ming,Official,Military,Jinshi,Has_Works,No_Direct_Relation
Huang_Huai|Huang_Zongyu,0,unified,Ming,Official,Administration,Jinshi,Has_Works,No_Direct_Relation
Jiang_Bin_(-1521_CE),0,unified,Ming,Official,Military,None,Not_Significant,No_Direct_Relation
Li_Jinglong_(-1423_CE),0,unified,Ming,Official,Military,None,Not_Significant,Consort_Kin
Li_Zicheng,0,unified,Ming,Monarch,Monarch,None,Not_Significant,No_Direct_Relation
Liu_Bowen,0,unified,Ming,Official,Administration,Jinshi,Renowned,No_Direct_Relation
Lu_Bing|Lu_Wenfu,0,unified,Ming,Official,Supervision,None,Not_Significant,No_Direct_Relation
Luo_Guanzhong,0,unified,Ming,None,None,None,Renowned,No_Direct_Relation
Luo_Longwen,0,unified,Ming,Official,Education/Culture,None,Renowned,No_Direct_Relation
Meng_Chong_(Ming_Dynasty),0,unified,Ming,Official,Administration,None,Not_Significant,No_Direct_Relation
Prince_Han_of_Ming|Zhu_Gaoxu,0,unified,Ming,Prince,Military,None,Not_Significant,Imperial_Clan
Prince_Jin_of_Ming|Zhu_Gang,0,unified,Ming,Prince,Administration,None,Not_Significant,Imperial_Clan
Prince_Ning_of_Ming|Zhu_Quan,0,unified,Ming,Prince,Administration,None,Renowned,Imperial_Clan
Prince_Qin_of_Ming|Zhu_Shuang,0,unified,Ming,Prince,Administration,None,Not_Significant,Imperial_Clan
Prince_Zhou_of_Ming|Zhu_Su,0,unified,Ming,Prince,Administration,None,Has_Works,Imperial_Clan
Qi_Biaojia,0,unified,Ming,Official,Supervision,Jinshi,Has_Works,No_Direct_Relation
Qi_Jiguang,0,unified,Ming,Official,Military,None,Has_Works,No_Direct_Relation
Qian_Ning_(-1521_CE),0,unified,Ming,Official,Administration,None,Not_Significant,No_Direct_Relation
Shen_Shixing,0,unified,Ming,Official,Administration,Jinshi,Has_Works,No_Direct_Relation
Tang_He|Tang_Dingchen,0,unified,Ming,Official,Military,None,Not_Significant,No_Direct_Relation
Tang_Xianzu,0,unified,Ming,Official,Education/Culture,Jinshi,Renowned,No_Direct_Relation
Tang_Yin|Tang_Bohu,0,unified,Ming,Official,Education/Culture,Juren,Renowned,No_Direct_Relation
Wang_Jinghong,0,unified,Ming,Official,Administration,None,Not_Significant,No_Direct_Relation
Wang_Shizhen|Wang_Yuanmei,0,unified,Ming,Official,Administration,Jinshi,Renowned,No_Direct_Relation
Wang_Xijue,0,unified,Ming,Official,Administration,Jinshi,Has_Works,No_Direct_Relation
Wang_Yongji,0,unified,Ming,Official,Supervision,Jinshi,Has_Works,No_Direct_Relation
Wen_Bi|Wen_Zhengming,0,unified,Ming,Official,Military,None,Not_Significant,No_Direct_Relation
Wu_Zhinan,0,unified,Tang,None,None,None,Not_Significant,No_Direct_Relation
Xia_Yan|Xia_Gongjin,0,unified,Ming,Official,Administration,Jinshi,Has_Works,No_Direct_Relation
Xia_Yuanji,0,unified,Ming,Official,Administration,None,Has_Works,No_Direct_Relation
Xie_Jin|Xie_Dashen,0,unified,Ming,Official,Administration,Jinshi,Renowned,No_Direct_Relation
Xu_Da|Xu_Tiande,0,unified,Ming,Official,Military,None,Not_Significant,No_Direct_Relation
Xu_Jie|Xu_Zisheng,0,unified,Ming,Official,Administration,Jinshi,Has_Works,No_Direct_Relation
Xu_Wei|Xu_Wenchang,0,unified,Ming,Official,Education/Culture,None,Renowned,No_Direct_Relation
Xu_Xiake,0,unified,Ming,None,None,None,Renowned,No_Direct_Relation
Xu_Zhenqing,0,unified,Ming,Official,Administration,None,Has_Works,No_Direct_Relation
Yan_Shifan,0,unified,Ming,Official,Administration,Jinshi,Has_Works,Consort_Kin
Yan_Song|Yan_Weizhong,0,unified,Ming,Official,Administration,Jinshi,Has_Works,No_Direct_Relation
Yang_Rong|Yang_Mianren,0,unified,Ming,Official,Administration,Jinshi,Has_Works,No_Direct_Relation
Yang_Shen|Yang_Yongxiu,0,unified,Ming,Official,Education/Culture,Jinshi,Renowned,No_Direct_Relation
Yang_Tinghe|Yang_Jiefu,0,unified,Ming,Official,Administration,Jinshi,Has_Works,No_Direct_Relation
Yu_Qian|Yu_Tingyi,0,unified,Ming,Official,Administration,Jinshi,Has_Works,No_Direct_Relation
Yuan_Cheng|Yuan_Daojing,0,unified,Northern_and_Southern_Dynasties,Prince,Administration,None,Not_Significant,Imperial_Clan
Zhang_Dai|Zhang_Zongzi,0,unified,Ming,None,None,None,Renowned,No_Direct_Relation
Zhang_Fu|Zhang_Wenbi,0,unified,Ming,Official,Military,None,Not_Significant,No_Direct_Relation
Zhang_Fujing,0,unified,Ming,Official,Administration,Jinshi,Has_Works,No_Direct_Relation
Zhang_Jingxiu,0,unified,Ming,Official,Administration,Jinshi,Not_Significant,No_Direct_Relation
Zhang_Juzheng,0,unified,Ming,Official,Administration,Jinshi,Has_Works,No_Direct_Relation
Zhang_Ling|Zhang_Mengjin,0,unified,Ming,None,None,None,Renowned,No_Direct_Relation
Zhang_Siwei,0,unified,Ming,Official,Administration,Jinshi,Has_Works,No_Direct_Relation
Zhang_Wu_(-1402_CE),0,unified,Ming,Official,Military,None,Not_Significant,No_Direct_Relation
Zhang_Yu|Zhang_Shimei,0,unified,Ming,Official,Military,None,Not_Significant,No_Direct_Relation
Zhao_Zheng|Zhao_Wenye,0,unified,Northern_and_Southern_Dynasties,Official,Education/Culture,None,Has_Works,No_Direct_Relation
Zhao_Zhenji,0,unified,Ming,Official,Administration,Jinshi,Has_Works,No_Direct_Relation
Zheng_He|Ma_Sanbao,0,unified,Ming,Official,Administration,None,Not_Significant,No_Direct_Relation
Zheng_Michang,0,unified,Ming,Official,Administration,None,Not_Significant,No_Direct_Relation
Zhou_Xiao|Zhou_Mengwei,0,unified,Jin_Dynasty,Official,Administration,None,Not_Significant,No_Direct_Relation
Zhu_Lian|Zhu_Wenqing,0,unified,Ming,Official,Administration,Jinshi,Not_Significant,No_Direct_Relation
Zhu_Neng|Zhu_Shihong,0,unified,Ming,Official,Military,None,Not_Significant,No_Direct_Relation
Zhu_Rangxu,0,unified,Ming,Prince,Administration,None,Not_Significant,Imperial_Clan
Zhu_Xizhong,0,unified,Ming,Official,Military,None,Not_Significant,Imperial_Clan
Chen_Yu_(-205_BCE),0,unified,Qin,Monarch,Monarch,None,Not_Significant,Imperial_Clan
Eldest_Prince_of_Qin|Fusu,0,unified,Qin,Prince,Administration,None,Not_Significant,Imperial_Clan
First_Emperor_of_Qin|Qin_Shihuang|Ying_Zheng,0,unified,Qin,Monarch,Monarch,None,Not_Significant,Imperial_Clan
Lao_Ai_(-238_BCE),0,unified,Qin,None,None,None,Not_Significant,Consort_Kin
Li_Si|Li_Tonggu,0,unified,Qin,Official,Administration,None,Renowned,No_Direct_Relation
Li_You_(261-208_BCE),0,unified,Qin,Official,Administration,None,Not_Significant,No_Direct_Relation
Meng_Tian_(250-210_BCE),0,unified,Qin,Official,Military,None,Not_Significant,No_Direct_Relation
Meng_Yi_(245-210_BCE),0,unified,Qin,Official,Administration,None,Not_Significant,No_Direct_Relation
Queen_Dowager_of_Qin|Zhao_Ji_(280-229_BCE),1,unified,Qin,None,None,None,Not_Significant,Consort_Kin
Second_Emperor_of_Qin|Qin_Ershi|Huhai,0,unified,Qin,Monarch,Monarch,None,Not_Significant,Imperial_Clan
Xiang_Yu_(232-202_BCE),0,unified,Qin,Monarch,Monarch,None,Has_Works,No_Direct_Relation
Ying_Bu_(-195_BCE),0,unified,Qin,Official,Military,None,Not_Significant,No_Direct_Relation
Ying_Chengjiao,0,unified,Qin,Prince,Military,None,Not_Significant,Imperial_Clan
Yu_Ji_(-202_BCE),1,unified,Qin,None,None,None,Not_Significant,No_Direct_Relation
Zhang_Er_(-202_BCE),0,unified,Qin,Official,Administration,None,Not_Significant,No_Direct_Relation
Zhao_Gao_(258-207_BCE),0,unified,Qin,Official,Administration,None,Not_Significant,No_Direct_Relation
Alingga_(-1716),0,unified,Qing,Official,Administration,None,Not_Significant,Consort_Kin
Bootai_(1682-1730_CE),0,unified,Qing,Prince,Administration,None,Not_Significant,Imperial_Clan
Cao_Xueqin,0,unified,Qing,None,None,None,Renowned,No_Direct_Relation
Elundai_(-1726_CE),0,unified,Qing,Official,Military,None,Not_Significant,Consort_Kin
Emperor_Kangxi_of_Qing|Xuanye,0,unified,Qing,Monarch,Monarch,None,Has_Works,Imperial_Clan
Emperor_Qianlong_of_Qing|Hongli,0,unified,Qing,Monarch,Monarch,None,Renowned,Imperial_Clan
Emperor_Yongzheng_of_Qing|Yinzhen,0,unified,Qing,Monarch,Monarch,None,Has_Works,Imperial_Clan
Empress_Nara_of_Qing_(1718-1766),1,unified,Qing,None,None,None,Not_Significant,Consort_Kin
He_Shen|Niohuru_Zhizhai,0,unified,Qing,Official,Administration,None,Has_Works,No_Direct_Relation
Hong_Xiuquan,0,unified,Qing,Monarch,Monarch,None,Has_Works,No_Direct_Relation
Hongchun_(1703-1739),0,unified,Qing,Prince,None,None,Not_Significant,Imperial_Clan
Hongshi_(1704-1727),0,unified,Qing,Prince,None,None,Not_Significant,Imperial_Clan
Hongwang_(1708-1762_CE),0,unified,Qing,Prince,None,None,Not_Significant,Imperial_Clan
Ji_Yun|Ji_Xiaolan,0,unified,Qing,Official,Administration,Jinshi,Renowned,No_Direct_Relation
Lady_Guoluoluo|Yinsi_s_Wife,1,unified,Qing,None,None,None,Not_Significant,Consort_Kin
Li_Wei|Li_Youjie,0,unified,Qing,Official,Administration,None,Not_Significant,No_Direct_Relation
Li_Xiucheng,0,unified,Qing,Official,Military,None,Has_Works,No_Direct_Relation
Li_Yu_(Ruyi_s_Royal_Love),0,unified,Qing,None,None,None,Not_Significant,Imperial_Clan
Longkodo_(1658-1728_CE),0,unified,Qing,Official,Administration,None,Not_Significant,Consort_Kin
Nara_Kuixu,0,unified,Qing,Official,Administration,None,Has_Works,Consort_Kin
Nara_Mingju,0,unified,Qing,Official,Administration,None,Has_Works,Consort_Kin
Nian_Gengyao,0,unified,Qing,Official,Military,Jinshi,Not_Significant,No_Direct_Relation
Prince_Chun_of_Qing|Yinyou,0,unified,Qing,Prince,Administration,None,Not_Significant,Imperial_Clan
Prince_He_of_Qing|Hongzhou,0,unified,Qing,Prince,None,None,Not_Significant,Imperial_Clan
Prince_Li_of_Qing|Yinreng,0,unified,Qing,Prince,Administration,None,Not_Significant,Imperial_Clan
Prince_Lian_of_Qing|Yinsi,0,unified,Qing,Prince,Administration,None,Not_Significant,Imperial_Clan
Prince_of_Qing|Yin_e_(1683-1741),0,unified,Qing,Prince,Administration,None,Not_Significant,Imperial_Clan
Prince_of_Qing|Yintang_(1683-1726),0,unified,Qing,Prince,None,None,Not_Significant,Imperial_Clan
Prince_Xun_of_Qing|Yinzhen,0,unified,Qing,Prince,Military,None,Not_Significant,Imperial_Clan
Prince_Yi_of_Qing|Yinxiang,0,unified,Qing,Prince,Administration,None,Not_Significant,Imperial_Clan
Prince_Zhi_of_Qing|Yinzhi,0,unified,Qing,Prince,Military,None,Not_Significant,Imperial_Clan
Prince_Zhuang_of_Qing|Yinlu,0,unified,Qing,Prince,Administration,None,Not_Significant,Imperial_Clan
Ulanara_Yixiu|Empress_Xiaojingxian,1,unified,Qing,None,None,None,Not_Significant,Consort_Kin
Wang_Jie|Wang_Zhongfu,0,unified,Qing,Official,Administration,Jinshi,Has_Works,No_Direct_Relation
Yuan_Mei|Yuan_Zicai,0,unified,Qing,Official,Administration,Jinshi,Renowned,No_Direct_Relation
Zhang_Tingyu,0,unified,Qing,Official,Administration,Jinshi,Has_Works,No_Direct_Relation
Cai_Bian|Cai_Yuandu,0,unified,Song,Official,Administration,Jinshi,Has_Works,Consort_Kin
Cai_Jing|Cai_Yuanchang,0,unified,Song,Official,Administration,Jinshi,Has_Works,No_Direct_Relation
Cai_You|Cai_Ju_an,0,unified,Song,Official,Administration,None,Not_Significant,Consort_Kin
Chen_Shidao,0,unified,Song,Official,Education/Culture,None,Renowned,No_Direct_Relation
Di_Qing|Di_Hanchen,0,unified,Song,Official,Military,None,Not_Significant,No_Direct_Relation
Di_Yong_(Song_Dynasty),0,unified,Song,Official,Military,None,Not_Significant,No_Direct_Relation
Dong_Zunhui,0,unified,Song,Official,Military,None,Not_Significant,No_Direct_Relation
Emperor_Gaozong_of_Song|Zhao_Gou,0,unified,Song,Monarch,Monarch,None,Has_Works,Imperial_Clan
Emperor_Huizong_of_Song|Zhao_Ji,0,unified,Song,Monarch,Monarch,None,Renowned,Imperial_Clan
Emperor_Qinzong_of_Song|Zhao_Huan,0,unified,Song,Monarch,Monarch,None,Not_Significant,Imperial_Clan
Emperor_Renzong_of_Song|Zhao_Zhen,0,unified,Song,Monarch,Monarch,None,Not_Significant,Imperial_Clan
Emperor_Shenzong_of_Song|Zhao_Xu,0,unified,Song,Monarch,Monarch,None,Has_Works,Imperial_Clan
Emperor_Taizong_of_Song|Zhao_Guangyi,0,unified,Song,Monarch,Monarch,None,Not_Significant,Imperial_Clan
Emperor_Taizu_of_Song|Zhao_Kuangyin,0,unified,Song,Monarch,Monarch,None,Not_Significant,Imperial_Clan
Emperor_Xiaozong_of_Song|Zhao_Shen,0,unified,Song,Monarch,Monarch,None,Not_Significant,Imperial_Clan
Emperor_Yingzong_of_Song|Zhao_Shu,0,unified,Song,Monarch,Monarch,None,Not_Significant,Imperial_Clan
Emperor_Zhenzong_of_Song|Zhao_Heng,0,unified,Song,Monarch,Monarch,None,Has_Works,Imperial_Clan
Emperor_Zhezong_of_Song|Zhao_Xu,0,unified,Song,Monarch,Monarch,None,Not_Significant,Imperial_Clan
Empress_Dowager_Liu_of_Song|Liu_E,1,unified,Song,None,None,None,Not_Significant,Consort_Kin
Empress_He_of_Song_(929-958_CE),1,unified,Song,None,None,None,Not_Significant,Consort_Kin
Empress_Wang_of_Song_(942-964_CE),1,unified,Song,None,None,None,Not_Significant,Consort_Kin
Fan_Zhongyan,0,unified,Song,Official,Administration,Jinshi,Renowned,No_Direct_Relation
Fang_Hui|Fang_Wanli,0,unified,Song,Official,Education/Culture,None,Renowned,No_Direct_Relation
Fang_La_(-1121_CE),0,unified,Song,None,None,None,Not_Significant,No_Direct_Relation
Fu_Bi|Fu_Yanguo,0,unified,Song,Official,Administration,Jinshi,Has_Works,No_Direct_Relation
Guo_Shouwen,0,unified,Song,Official,Military,None,Not_Significant,No_Direct_Relation
Han_Qi|Han_Zhigui,0,unified,Song,Official,Administration,Jinshi,Has_Works,No_Direct_Relation
Huang_Tingjian,0,unified,Song,Official,Education/Culture,Jinshi,Renowned,No_Direct_Relation
Kou_Zhun|Kou_Pingzhong,0,unified,Song,Official,Administration,Jinshi,Has_Works,No_Direct_Relation
Lady_Cheng|Su_Xun_s_Wife,1,unified,Song,None,None,None,Not_Significant,No_Direct_Relation
Lady_Yan|Yan_Qingsu,1,unified,Song,None,None,None,Not_Significant,No_Direct_Relation
Lady_Zhang|Sima_Guang_s_Wife,1,unified,Song,None,None,None,Not_Significant,Consort_Kin
Lady_Zhang|Wife_of_Zhang_Dun,1,unified,Song,None,None,None,Not_Significant,Consort_Kin
Li_Di|Li_Fugu,0,unified,Song,Official,Administration,Jinshi,Has_Works,No_Direct_Relation
Li_Hang|Li_Taichu,0,unified,Song,Official,Administration,Jinshi,Has_Works,No_Direct_Relation
Li_Qingzhao,1,unified,Song,None,None,None,Renowned,No_Direct_Relation
Li_Wa|Li_Xiao_e,1,unified,Song,None,None,None,Not_Significant,Consort_Kin
Liu_Guo|Liu_Gaizhi,0,unified,Song,Official,Education/Culture,None,Renowned,No_Direct_Relation
Liu_Yong|Liu_Qiqing,0,unified,Song,Official,Education/Culture,Jinshi,Renowned,No_Direct_Relation
Lu_Dian|Lu_Nongshi,0,unified,Song,Official,Administration,Jinshi,Has_Works,No_Direct_Relation
Lu_Huiqing,0,unified,Song,Official,Administration,Jinshi,Has_Works,No_Direct_Relation
Lu_Jiawen,0,unified,Song,Official,Administration,Jinshi,Not_Significant,No_Direct_Relation
Lu_Jiuyuan,0,unified,Song,Official,Education/Culture,Jinshi,Renowned,No_Direct_Relation
Lu_Yijian,0,unified,Song,Official,Administration,Jinshi,Has_Works,No_Direct_Relation
Mi_Fei|Mi_Yuanzhang,0,unified,Song,Official,Education/Culture,None,Renowned,No_Direct_Relation
Ouyang_Xiu,0,unified,Song,Official,Administration,Jinshi,Renowned,No_Direct_Relation
Prince_Jing_of_Song|Zhao_Yuanyan,0,unified,Song,Prince,Administration,None,Not_Significant,Imperial_Clan
Prince_of_Song|Zhao_Yuanxi,0,unified,Song,Prince,Administration,None,Not_Significant,Imperial_Clan
Prince_Pu_of_Song|Zhao_Yunrang,0,unified,Song,Prince,Administration,None,Not_Significant,Imperial_Clan
Prince_Wei_of_Song|Zhao_Tingmei,0,unified,Song,Prince,Administration,None,Not_Significant,Imperial_Clan
Prince_Wu_of_Song|Zhao_Hao,0,unified,Song,Prince,Administration,None,Not_Significant,Imperial_Clan
Prince_Yan_of_Song|Zhao_Dezhao,0,unified,Song,Prince,Administration,None,Not_Significant,Imperial_Clan
Qian_Weiyan,0,unified,Song,Official,Administration,None,Has_Works,No_Direct_Relation
Qian_Weizhi,0,unified,Song,Official,Administration,None,Has_Works,Imperial_Clan
Qin_Guan|Qin_Shaoyou,0,unified,Song,Official,Education/Culture,Jinshi,Renowned,No_Direct_Relation
Qin_Hui|Qin_Huizhi,0,unified,Song,Official,Administration,Jinshi,Has_Works,No_Direct_Relation
Sima_Guang,0,unified,Song,Official,Administration,Jinshi,Renowned,No_Direct_Relation
Su_Shi|Su_Dongpo,0,unified,Song,Official,Administration,Jinshi,Renowned,No_Direct_Relation
Su_Shunqin|Su_Zimei,0,unified,Song,Official,Education/Culture,Jinshi,Renowned,No_Direct_Relation
Su_Zhe|Su_Ziyou,0,unified,Song,Official,Administration,Jinshi,Renowned,No_Direct_Relation
Wang_Anshi,0,unified,Song,Official,Administration,Jinshi,Renowned,No_Direct_Relation
Wang_Ciweng,0,unified,Song,Official,Administration,Jinshi,Not_Significant,No_Direct_Relation
Wang_Guigui,1,unified,Song,None,None,None,Not_Significant,No_Direct_Relation
Wang_Pang|Wang_Yuanze,0,unified,Song,Official,Administration,Jinshi,Has_Works,No_Direct_Relation
Wang_Shi|Wang_Zili,0,unified,Song,None,None,None,Not_Significant,No_Direct_Relation
Wang_Ximeng,0,unified,Song,None,Education/Culture,None,Renowned,No_Direct_Relation
Wang_Xun|Wang_Yuanlin,0,unified,Song,Official,Administration,Jinshi,Not_Significant,No_Direct_Relation
Wang_Yu|Wang_Zimin,0,unified,Song,Official,Administration,None,Not_Significant,No_Direct_Relation
Wang_Yuanliang,0,unified,Song,Official,Education/Culture,None,Has_Works,No_Direct_Relation
Wang_Zeng|Wang_Xiaoxian,0,unified,Song,Official,Administration,Jinshi,Has_Works,No_Direct_Relation
Wen_Tianxiang,0,unified,Song,Official,Administration,Jinshi,Renowned,No_Direct_Relation
Wen_Yanbo,0,unified,Song,Official,Administration,None,Has_Works,No_Direct_Relation
Xia_Song|Xia_Ziqiao,0,unified,Song,Official,Administration,Jinshi,Has_Works,No_Direct_Relation
Xin_Qiji,0,unified,Song,Official,Military,None,Renowned,No_Direct_Relation
Yan_Jidao,0,unified,Song,Official,Education/Culture,None,Renowned,No_Direct_Relation
Yan_Jun|Yan_Shixun,0,unified,Northern_and_Southern_Dynasties,Official,Administration,Jinshi,Not_Significant,No_Direct_Relation
Yan_Shu|Yan_Tongshu,0,unified,Song,Official,Administration,Jinshi,Renowned,No_Direct_Relation
Yang_Ye|Yang_Jiye,0,unified,Song,Official,Military,None,Not_Significant,No_Direct_Relation
Yang_Yizhong,0,unified,Song,Official,Military,None,Not_Significant,No_Direct_Relation
Yang_Yuan|Yang_Yuanzhong,0,unified,Song,Official,Administration,Jinshi,Not_Significant,No_Direct_Relation
Yu_Yunwen,0,unified,Song,Official,Administration,Jinshi,Has_Works,No_Direct_Relation
Yuan_Dexiu,0,unified,Tang,Official,Administration,None,Has_Works,No_Direct_Relation
Yuan_Xie|Yuan_Yanhe,0,unified,Northern_and_Southern_Dynasties,Official,Administration,None,Not_Significant,No_Direct_Relation
Yue_Fei|Yue_Pengju,0,unified,Song,Official,Military,None,Has_Works,No_Direct_Relation
Yue_Yun|Yue_Yingxiang,0,unified,Song,Official,Military,None,Not_Significant,No_Direct_Relation
Zeng_Bu|Zeng_Zixuan,0,unified,Song,Official,Administration,Jinshi,Has_Works,No_Direct_Relation
Zeng_Gong|Zeng_Zigu,0,unified,Song,Official,Education/Culture,Jinshi,Renowned,No_Direct_Relation
Zhang_Dun|Zhang_Zihou,0,unified,Song,Official,Administration,Jinshi,Has_Works,No_Direct_Relation
Zhang_Jun|Zhang_Boying,0,unified,Song,Official,Military,None,Not_Significant,No_Direct_Relation
Zhang_Shangying,0,unified,Song,Official,Administration,Jinshi,Has_Works,No_Direct_Relation
Zhang_Xian_(-1142_CE),0,unified,Song,Official,Military,None,Not_Significant,No_Direct_Relation
Zhang_Yongde,0,unified,Song,Official,Military,None,Not_Significant,No_Direct_Relation
Zhao_Pu|Zhao_Zeping,0,unified,Song,None,None,None,Not_Significant,Consort_Kin
Zhao_Yuanzuo,0,unified,Song,Prince,Administration,None,Not_Significant,Imperial_Clan
Zhu_Shuzhen,1,unified,Song,None,None,None,Renowned,No_Direct_Relation
Zhu_Xi|Zhu_Yuanhui,0,unified,Song,Official,Education/Culture,Jinshi,Renowned,No_Direct_Relation
An_Lushan_(703-757_CE),0,unified,Tang,Official,Military,None,Not_Significant,No_Direct_Relation
Bai_Juyi,0,unified,Tang,Official,Administration,Jinshi,Renowned,No_Direct_Relation
Bai_Xingjian,0,unified,Tang,Official,Education/Culture,Jinshi,Has_Works,No_Direct_Relation
Cen_Shen_(715-770_CE),0,unified,Tang,Official,Education/Culture,Jinshi,Renowned,No_Direct_Relation
Chang_He|Chang_Dalai,0,unified,Tang,Official,Military,None,Not_Significant,No_Direct_Relation
Consort_Yang_of_Tang|Yang_Yuhuan,1,unified,Tang,None,None,None,Renowned,Consort_Kin
Di_Renjie|Di_Huaiying,0,unified,Tang,Official,Administration,Jinshi,Renowned,No_Direct_Relation
Du_Fu|Du_Zimei,0,unified,Tang,Official,Education/Culture,None,Renowned,No_Direct_Relation
Du_Mu|Du_Muzhi,0,unified,Tang,Official,Administration,Jinshi,Renowned,No_Direct_Relation
Emperor_Daizong_of_Tang|Li_Yu,0,unified,Tang,Monarch,Monarch,None,Not_Significant,Imperial_Clan
Emperor_Gaozong_of_Tang|Li_Zhi,0,unified,Tang,Monarch,Monarch,None,Not_Significant,Imperial_Clan
Emperor_Gaozu_of_Tang|Li_Yuan,0,unified,Tang,Monarch,Monarch,None,Not_Significant,Imperial_Clan
Emperor_Shengshen_of_Zhou|Wu_Zetian,1,unified,Tang,Monarch,Monarch,None,Has_Works,Imperial_Clan
Emperor_Suzong_of_Tang|Li_Heng,0,unified,Tang,Monarch,Monarch,None,Not_Significant,Imperial_Clan
Emperor_Taizong_of_Tang|Li_Shimin,0,unified,Tang,Monarch,Monarch,None,Renowned,Imperial_Clan
Emperor_Xuanzong_of_Tang|Li_Longji,0,unified,Tang,Monarch,Monarch,None,Renowned,Imperial_Clan
Emperor_Yuanzong_of_Tang|Li_Jing,0,unified,Five_Dynasties_and_Ten_Kingdoms_Period,Monarch,Monarch,None,Renowned,Imperial_Clan
Empress_Zhang_of_Tang_(-762_CE),1,unified,Tang,None,None,None,Not_Significant,Consort_Kin
Fan_Huang_(Tang_Dynasty),0,unified,Tang,Official,Administration,None,Has_Works,No_Direct_Relation
Gao_Lishi,0,unified,Tang,Official,Administration,None,Not_Significant,No_Direct_Relation
Gao_Shi|Gao_Dafu,0,unified,Tang,Official,Military,None,Renowned,No_Direct_Relation
Guo_Ziyi,0,unified,Tang,Official,Military,error,Not_Significant,No_Direct_Relation
Han_Yu|Han_Tuizhi,0,unified,Tang,Official,Education/Culture,Jinshi,Renowned,No_Direct_Relation
Hou_Junji,0,unified,Tang,Official,Military,None,Has_Works,No_Direct_Relation
Lai_Junchen,0,unified,Tang,Official,Supervision,None,Has_Works,No_Direct_Relation
Li_Bai|Li_Taibai,0,unified,Tang,Official,Education/Culture,None,Renowned,No_Direct_Relation
Li_Chengqian_(618-645_CE),0,unified,Tang,Prince,Administration,None,Not_Significant,Imperial_Clan
Li_Daozong,0,unified,Tang,Official,Military,None,Not_Significant,Imperial_Clan
Li_Guangbi,0,unified,Tang,Official,Military,None,Not_Significant,No_Direct_Relation
Li_He|Li_Changji,0,unified,Tang,Official,Education/Culture,None,Renowned,No_Direct_Relation
Li_Jiancheng,0,unified,Tang,Prince,Administration,None,Not_Significant,Imperial_Clan
Li_Linfu,0,unified,Tang,Official,Administration,None,Has_Works,No_Direct_Relation
Li_Mi|Li_Changyuan,0,unified,Tang,Official,Administration,None,Has_Works,No_Direct_Relation
Li_Shangyin,0,unified,Tang,Official,Education/Culture,Jinshi,Renowned,No_Direct_Relation
Li_Shiji,0,unified,Tang,Official,Military,None,Not_Significant,No_Direct_Relation
Li_Xuanba,0,unified,Tang,None,None,None,Not_Significant,Imperial_Clan
Li_Yuanji,0,unified,Tang,Prince,Military,None,Not_Significant,Imperial_Clan
Linghu_Tao|Linghu_Zizhi,0,unified,Tang,Official,Administration,Jinshi,Has_Works,No_Direct_Relation
Liu_Ji|Liu_Sidao,0,unified,Tang,Official,Administration,None,Has_Works,No_Direct_Relation
Liu_Yuxi,0,unified,Tang,Official,Education/Culture,Jinshi,Renowned,No_Direct_Relation
Liu_Zongyuan|Liu_Zihou,0,unified,Tang,Official,Administration,Jinshi,Renowned,No_Direct_Relation
Lu_Zhi|Lu_Zidao,0,unified,Jin_Dynasty,Official,Administration,Jinshi,Renowned,No_Direct_Relation
Meng_Haoran,0,unified,Tang,None,None,None,Renowned,No_Direct_Relation
Prince_Ning_of_Tang|Li_Xian,0,unified,Tang,Prince,Administration,None,Not_Significant,Imperial_Clan
Prince_Pu_of_Tang|Li_Tai,0,unified,Tang,Prince,Administration,None,Has_Works,Imperial_Clan
Prince_Qi_of_Tang|Li_Tan,0,unified,Tang,Prince,Military,None,Not_Significant,Imperial_Clan
Prince_Qing_of_Tang|Li_Cong,0,unified,Tang,Prince,Administration,None,Not_Significant,Imperial_Clan
Prince_Wu_of_Tang|Li_Ke_(619-653_CE),0,unified,Tang,Prince,Administration,None,Not_Significant,Imperial_Clan
Prince_Yong_of_Tang|Li_Lin,0,unified,Tang,Prince,Administration,None,Not_Significant,Imperial_Clan
Princess_Anle_of_Tang|Li_Guo_er,1,unified,Tang,None,None,None,Not_Significant,Imperial_Clan
Princess_Taiping_of_Tang|Li_Lingyue,1,unified,Tang,None,None,None,Not_Significant,Imperial_Clan
Princess_Wencheng_of_Tang,1,unified,Tang,None,None,None,Not_Significant,Imperial_Clan
Qu_Wentai,0,unified,Tang,Monarch,Monarch,None,Not_Significant,Imperial_Clan
Shangguan_Wan_er_(Tang_Dynasty),1,unified,Tang,Official,Administration,None,Renowned,No_Direct_Relation
Tang_Sanzang|Tripitaka,0,unified,Tang,None,Education/Culture,None,Renowned,No_Direct_Relation
Wang_Lun|Wang_Fenglin,0,unified,Tang,None,None,None,Has_Works,No_Direct_Relation
Wang_Wei|Wang_Mojie,0,unified,Tang,Official,Administration,Jinshi,Renowned,No_Direct_Relation
Wei_Zheng|Wei_Xuancheng,0,unified,Tang,Official,Administration,None,Renowned,No_Direct_Relation
Wu_Youji,0,unified,Tang,Prince,None,None,Not_Significant,Consort_Kin
Xue_Rengui,0,unified,Tang,Official,Military,None,Not_Significant,No_Direct_Relation
Xue_Tao|Xue_Hongdu,1,unified,Tang,None,None,None,Renowned,No_Direct_Relation
Yan_Wu|Yan_Jiying,0,unified,Tang,Official,Military,None,Has_Works,No_Direct_Relation
Yu_Shinan,0,unified,Tang,Official,Education/Culture,None,Renowned,No_Direct_Relation
Yuan_Danqiu,0,unified,Tang,None,None,None,Has_Works,No_Direct_Relation
Yuan_Zhen|Yuan_Weizhi,0,unified,Tang,Official,Administration,Jinshi,Renowned,No_Direct_Relation
Yuchi_Jingde,0,unified,Tang,Official,Military,None,Not_Significant,No_Direct_Relation
Zhang_Jiuling|Zhang_Zishou,0,unified,Tang,Official,Administration,Jinshi,Renowned,No_Direct_Relation
Zhangsun_Wuji_(594-659_CE),0,unified,Tang,Official,Administration,None,Has_Works,Consort_Kin
Bayan_of_the_Baarin|Hundred_Eyes,0,other,Yuan,Official,Military,None,Not_Significant,No_Direct_Relation
Bayan_of_the_Merkid_(-1340_CE),0,other,Yuan,Official,Military,None,Not_Significant,No_Direct_Relation
Guo_Zixing,0,other,Yuan,Official,Military,None,Not_Significant,No_Direct_Relation
Kublai_Khan,0,other,Yuan,Monarch,Monarch,None,Not_Significant,Imperial_Clan
Toqto_a_(1314-1356_CE),0,other,Yuan,Official,Administration,None,Has_Works,No_Direct_Relation
Duke_Wen_of_Zhou|Ji_Dan,0,other,Zhou,Official,Administration,None,Renowned,Imperial_Clan
Jiang_Ziya,0,other,Zhou,Official,Administration,None,Renowned,No_Direct_Relation
King_Wen_of_Zhou|Ji_Chang,0,other,Zhou,Monarch,Monarch,None,Not_Significant,Imperial_Clan
King_Wu_of_Zhou|Ji_Fa,0,other,Zhou,Monarch,Monarch,None,Not_Significant,Imperial_Clan
